post_id,platform,post_date,content_type,category,likes,comments,shares,views,reach,hashtags_count,total_engagement,engagement_rate,post_month,post_day
1,Instagram,2025-04-10,Image,Technology,2255,265,198,85481,54788,6,2718,4.960940351901876,April,Thursday
2,Twitter,2025-04-19,Video,Travel,1279,47,40,61593,52977,7,1366,2.578477452479378,April,Saturday
3,Facebook,2025-12-09,Text,Technology,3294,300,56,73075,63099,1,3650,5.784560769584305,December,Tuesday
4,Facebook,2025-06-22,Reel,Entertainment,2510,228,105,50522,33043,5,2843,8.603940320188846,June,Sunday
5,Instagram,2025-08-25,Reel,Food,392,12,30,5886,3711,14,434,11.694960926973861,August,Monday
6,Instagram,2025-06-11,Reel,Entertainment,510,37,30,8485,5888,5,577,9.799592391304348,June,Wednesday
7,Instagram,2025-08-04,Reel,Food,1307,171,109,32455,20582,9,1587,7.710620930910504,August,Monday
8,Twitter,2025-09-21,Reel,Fashion,1608,211,154,17767,13953,11,1973,14.140328244821902,September,Sunday
9,Facebook,2025-09-20,Image,Fitness,2271,74,184,29453,24714,4,2529,10.23306627822287,September,Saturday
10,Facebook,2025-10-19,Video,Entertainment,6861,218,441,77280,60709,9,7520,12.38696074717093,October,Sunday
11,Instagram,2025-10-01,Image,Technology,3321,179,180,54442,45650,9,3680,8.061336254107339,October,Wednesday
12,Twitter,2025-01-03,Text,Fashion,1671,223,22,52877,36429,6,1916,5.259545966125889,January,Friday
13,Twitter,2025-01-28,Text,Fitness,202,7,19,13226,7997,2,228,2.8510691509315995,January,Tuesday
14,Instagram,2025-11-22,Image,Technology,7066,802,314,94405,76305,15,8182,10.72275735535024,November,Saturday
15,Instagram,2025-05-29,Reel,Travel,512,16,12,23588,15949,3,540,3.3857922126779108,May,Thursday
16,Instagram,2025-01-28,Text,Technology,3156,318,220,79976,62776,9,3694,5.884414425895247,January,Tuesday
17,Instagram,2025-11-06,Image,Food,1544,102,54,32709,21088,12,1700,8.061456752655538,November,Thursday
18,Facebook,2025-03-06,Reel,Food,2157,264,135,48788,28220,8,2556,9.057406094968108,March,Thursday
19,Instagram,2025-12-22,Text,Travel,6396,322,401,89031,79896,3,7119,8.910333433463503,December,Monday
20,Instagram,2025-01-21,Image,Fashion,841,86,42,38019,22988,2,969,4.215242735340177,January,Tuesday
21,Facebook,2025-09-09,Reel,Fitness,2386,120,203,45948,41166,13,2709,6.580673371228683,September,Tuesday
22,Instagram,2025-08-23,Image,Technology,4820,543,163,66133,58993,1,5526,9.367213059176512,August,Saturday
23,Instagram,2025-08-15,Text,Food,6532,872,329,67458,55844,4,7733,13.847503760475611,August,Friday
24,Instagram,2025-01-13,Text,Fashion,2066,75,120,28526,22273,3,2261,10.151304269743635,January,Monday
25,Facebook,2025-11-09,Text,Travel,6290,834,438,74493,56036,12,7562,13.494896138196873,November,Sunday
26,Twitter,2025-02-18,Video,Entertainment,4366,424,351,53198,45385,12,5141,11.327531122617605,February,Tuesday
27,Instagram,2025-04-28,Text,Food,2289,83,104,44395,28914,7,2476,8.563325724562496,April,Monday
28,Facebook,2025-02-23,Reel,Travel,700,52,47,25031,17864,6,799,4.472682489923869,February,Sunday
29,Facebook,2025-05-18,Video,Technology,5086,208,119,76542,58691,5,5413,9.222879146717556,May,Sunday
30,Instagram,2025-02-22,Reel,Fitness,2211,245,207,38701,26855,10,2663,9.916216719419102,February,Saturday
31,Facebook,2025-02-13,Image,Food,1512,179,67,26939,18847,15,1758,9.327744468615695,February,Thursday
32,Instagram,2025-10-30,Reel,Food,2302,77,174,50145,33376,11,2553,7.649209012464047,October,Thursday
33,Instagram,2025-02-22,Image,Technology,1161,99,13,21324,15939,1,1273,7.986699291047117,February,Saturday
34,Twitter,2025-03-15,Image,Entertainment,1081,136,30,23867,20232,2,1247,6.163503361012258,March,Saturday
35,Twitter,2025-02-15,Image,Fashion,53,7,2,1203,746,9,62,8.310991957104557,February,Saturday
36,Twitter,2025-01-13,Reel,Fitness,611,53,54,17544,15386,8,718,4.666580007799298,January,Monday
37,Instagram,2025-06-14,Video,Food,1343,192,77,16899,13370,12,1612,12.056843679880329,June,Saturday
38,Instagram,2025-04-12,Reel,Fitness,972,87,91,30063,25197,8,1150,4.564035401039806,April,Saturday
39,Facebook,2025-10-07,Image,Food,1949,138,104,91880,68419,14,2191,3.2023268390359405,October,Tuesday
40,Instagram,2025-09-15,Video,Fitness,248,32,13,4748,3906,4,293,7.501280081925243,September,Monday
41,Instagram,2025-12-03,Video,Travel,3225,271,67,67629,37579,13,3563,9.481359269804944,December,Wednesday
42,Facebook,2025-12-22,Reel,Food,4361,354,358,81764,68390,2,5073,7.41775113320661,December,Monday
43,Instagram,2025-05-18,Video,Fitness,588,49,18,21884,12343,1,655,5.306651543384914,May,Sunday
44,Twitter,2025-06-12,Reel,Fashion,1710,222,155,26183,22555,7,2087,9.252937264464641,June,Thursday
45,Instagram,2025-04-21,Text,Travel,4052,519,372,82570,74080,14,4943,6.672516198704104,April,Monday
46,Facebook,2025-04-12,Reel,Travel,5343,387,507,72246,47171,5,6237,13.222106802908568,April,Saturday
47,Instagram,2025-01-17,Image,Fashion,1418,89,80,20259,12633,9,1587,12.562336737117075,January,Friday
48,Facebook,2025-09-25,Image,Fitness,2123,178,150,36959,30227,10,2451,8.10864458927449,September,Thursday
49,Facebook,2025-07-01,Text,Technology,1161,109,92,34457,22002,11,1362,6.1903463321516226,July,Tuesday
50,Instagram,2025-01-24,Image,Fashion,6928,353,150,86679,73932,6,7431,10.051128063626035,January,Friday
51,Twitter,2025-01-29,Text,Fitness,43,5,2,3103,1818,0,50,2.7502750275027505,January,Wednesday
52,Twitter,2025-06-20,Video,Fashion,2681,223,35,66901,39744,0,2939,7.3948268921095,June,Friday
53,Twitter,2025-08-16,Text,Fashion,2180,138,119,45535,40649,15,2437,5.995227434869246,August,Saturday
54,Twitter,2025-07-07,Reel,Food,1506,51,36,17103,13440,9,1593,11.852678571428571,July,Monday
55,Facebook,2025-12-12,Text,Fitness,1777,90,47,99046,83833,1,1914,2.2831104696241336,December,Friday
56,Twitter,2025-08-18,Video,Technology,4546,651,194,91012,60387,9,5391,8.927418152913706,August,Monday
57,Instagram,2025-11-17,Reel,Food,5867,350,287,79278,62373,14,6504,10.427588860564667,November,Monday
58,Instagram,2025-12-06,Video,Fashion,695,29,45,13391,10150,2,769,7.576354679802956,December,Saturday
59,Instagram,2025-04-29,Video,Entertainment,649,51,10,29901,22757,11,710,3.1199191457573496,April,Tuesday
60,Instagram,2025-06-05,Reel,Fashion,9114,546,504,98537,77734,0,10164,13.075359559523502,June,Thursday
61,Instagram,2025-09-29,Text,Fashion,4432,108,117,82159,61732,13,4657,7.5438994362729215,September,Monday
62,Instagram,2025-06-24,Text,Fitness,3928,243,242,68914,48251,4,4413,9.145924436799238,June,Tuesday
63,Twitter,2025-04-14,Reel,Fitness,1449,131,97,51357,33206,14,1677,5.050292115882671,April,Monday
64,Instagram,2025-04-02,Video,Food,4920,451,295,87908,71996,14,5666,7.8698816600922274,April,Wednesday
65,Instagram,2025-07-05,Video,Technology,1561,103,119,39437,24813,2,1783,7.1857494055535405,July,Saturday
66,Facebook,2025-10-10,Reel,Food,795,62,31,36503,28922,0,888,3.0703270866468433,October,Friday
67,Instagram,2025-06-30,Image,Travel,1881,273,148,97282,61449,7,2302,3.746196032482221,June,Monday
68,Twitter,2025-06-19,Image,Fashion,7534,520,368,94459,72626,11,8422,11.596397984192988,June,Thursday
69,Instagram,2025-07-06,Video,Entertainment,2726,146,146,76403,61999,10,3018,4.867820448716915,July,Sunday
70,Twitter,2025-06-24,Image,Fashion,1045,53,71,42258,26476,5,1169,4.415319534672911,June,Tuesday
71,Twitter,2025-08-10,Image,Fashion,1397,111,16,34724,19826,8,1524,7.686875819630788,August,Sunday
72,Instagram,2025-08-21,Image,Food,3768,447,259,65286,38900,2,4474,11.501285347043702,August,Thursday
73,Instagram,2025-06-11,Image,Entertainment,1514,70,99,75842,57799,8,1683,2.9118150833059393,June,Wednesday
74,Twitter,2025-05-14,Image,Entertainment,1046,117,39,15908,13478,8,1202,8.918237127170203,May,Wednesday
75,Facebook,2025-08-12,Text,Entertainment,1690,38,29,93617,52963,15,1757,3.3174102675452675,August,Tuesday
76,Facebook,2025-06-02,Video,Food,985,73,17,51626,41659,14,1075,2.580474807364555,June,Monday
77,Twitter,2025-02-02,Video,Fashion,646,78,60,38228,25592,11,784,3.063457330415755,February,Sunday
78,Instagram,2025-02-24,Reel,Food,1809,115,130,24386,17496,14,2054,11.739826245999085,February,Monday
79,Instagram,2025-01-07,Image,Fitness,1328,123,28,47754,41789,12,1479,3.5392088827203327,January,Tuesday
80,Instagram,2025-09-01,Text,Fitness,478,22,20,29302,19520,11,520,2.663934426229508,September,Monday
81,Twitter,2025-11-09,Reel,Food,2810,327,177,61815,44065,0,3314,7.52070804493362,November,Sunday
82,Facebook,2025-05-06,Image,Entertainment,4966,133,423,85748,47572,2,5522,11.60766837635584,May,Tuesday
83,Instagram,2025-01-12,Video,Fashion,1721,225,23,64344,37226,5,1969,5.2893139203782304,January,Sunday
84,Instagram,2025-01-16,Text,Food,1458,66,45,36618,23454,7,1569,6.689690457917625,January,Thursday
85,Instagram,2025-07-27,Text,Food,1037,138,93,77234,43231,3,1268,2.9330804283962895,July,Sunday
86,Instagram,2025-02-12,Video,Food,3108,204,33,62114,47888,4,3345,6.985048446374876,February,Wednesday
87,Facebook,2025-05-15,Reel,Travel,3867,440,108,71130,49736,8,4415,8.876869872929065,May,Thursday
88,Facebook,2025-08-16,Image,Fitness,1516,93,146,26525,19677,5,1755,8.9190425369721,August,Saturday
89,Twitter,2025-04-21,Text,Entertainment,2629,362,171,80818,49390,11,3162,6.402105689410812,April,Monday
90,Facebook,2025-11-03,Image,Technology,516,18,17,15334,10021,6,551,5.498453248178825,November,Monday
91,Instagram,2025-06-09,Text,Entertainment,2296,99,36,95715,74881,6,2431,3.246484421949493,June,Monday
92,Facebook,2025-11-27,Reel,Technology,3208,269,40,63767,56615,3,3517,6.212134593305661,November,Thursday
93,Twitter,2025-09-21,Reel,Travel,129,3,4,7644,4339,3,136,3.1343627563954826,September,Sunday
94,Facebook,2025-08-13,Video,Food,2826,128,252,33933,29237,3,3206,10.965557341724526,August,Wednesday
95,Twitter,2025-08-05,Image,Travel,3899,556,184,44469,33436,13,4639,13.874267256848904,August,Tuesday
96,Facebook,2025-02-14,Image,Travel,3033,445,226,34687,25924,14,3704,14.287918531090881,February,Friday
97,Facebook,2025-08-02,Image,Fashion,4143,285,383,53656,38905,10,4811,12.36601979180054,August,Saturday
98,Instagram,2025-02-28,Image,Fitness,844,118,39,18375,10552,4,1001,9.486353297952995,February,Friday
99,Instagram,2025-05-12,Reel,Technology,3467,314,94,66206,38495,4,3875,10.066242369138848,May,Monday
100,Instagram,2025-04-14,Video,Food,3595,197,203,97462,74102,7,3995,5.391217510998354,April,Monday
101,Instagram,2025-07-14,Image,Technology,2091,232,191,37607,25171,8,2514,9.98768423979977,July,Monday
102,Facebook,2025-06-06,Text,Entertainment,4807,507,396,84178,73322,1,5710,7.787567169471646,June,Friday
103,Instagram,2025-04-08,Text,Technology,1180,175,18,24993,17302,10,1373,7.935498786267484,April,Tuesday
104,Facebook,2025-08-14,Text,Entertainment,2608,142,188,45386,27238,6,2938,10.786401351053675,August,Thursday
105,Twitter,2025-07-24,Text,Fitness,1823,195,112,47287,37836,0,2130,5.629559150015858,July,Thursday
106,Instagram,2025-03-20,Image,Entertainment,2966,79,271,87724,57255,15,3316,5.791633918435071,March,Thursday
107,Instagram,2025-05-04,Video,Technology,8182,284,172,99132,72754,0,8638,11.872886714132557,May,Sunday
108,Twitter,2025-08-06,Reel,Technology,1919,39,111,94308,74903,3,2069,2.7622391626503613,August,Wednesday
109,Instagram,2025-01-04,Reel,Entertainment,5776,865,514,97393,84253,9,7155,8.492279206675134,January,Saturday
110,Instagram,2025-03-31,Image,Travel,7117,884,333,77312,63957,6,8334,13.03062995450068,March,Monday
111,Instagram,2025-04-14,Reel,Fitness,6335,774,338,99371,78177,1,7447,9.525819614464611,April,Monday
112,Instagram,2025-04-29,Image,Fashion,4488,387,73,76324,60133,10,4948,8.228426986845825,April,Tuesday
113,Twitter,2025-05-13,Image,Food,2860,168,100,72196,63609,1,3128,4.917543114968008,May,Tuesday
114,Twitter,2025-11-08,Video,Technology,2521,99,98,71014,46410,0,2718,5.8564964447317385,November,Saturday
115,Facebook,2025-04-06,Reel,Food,533,30,50,9210,5069,9,613,12.093115012823041,April,Sunday
116,Twitter,2025-11-27,Reel,Fashion,583,40,20,11922,7691,1,643,8.360421271616175,November,Thursday
117,Twitter,2025-05-23,Image,Food,1669,197,85,37289,23352,12,1951,8.354744775608085,May,Friday
118,Instagram,2025-10-15,Text,Fashion,804,72,56,34340,26841,14,932,3.472299839797325,October,Wednesday
119,Twitter,2025-01-28,Image,Entertainment,681,20,16,40850,31527,6,717,2.2742411266533447,January,Tuesday
120,Facebook,2025-10-05,Image,Travel,5112,114,274,57984,43935,8,5500,12.518493228633206,October,Sunday
121,Twitter,2025-08-21,Text,Technology,2730,90,208,85178,47332,5,3028,6.397363306008621,August,Thursday
122,Twitter,2025-01-17,Text,Fashion,782,57,68,12094,9736,9,907,9.31594083812654,January,Friday
123,Instagram,2025-02-28,Text,Food,1650,233,109,88959,59000,1,1992,3.3762711864406785,February,Friday
124,Instagram,2025-03-31,Reel,Technology,2379,244,167,34418,26941,11,2790,10.355963030325526,March,Monday
125,Instagram,2025-07-18,Reel,Travel,568,70,12,6741,5020,14,650,12.94820717131474,July,Friday
126,Instagram,2025-12-28,Reel,Entertainment,3812,307,362,73374,49157,9,4481,9.115690542547348,December,Sunday
127,Twitter,2025-01-26,Image,Technology,1359,91,29,69798,41676,14,1479,3.5488050676648433,January,Sunday
128,Twitter,2025-01-25,Video,Fashion,3260,111,259,71532,41706,9,3630,8.703783628254927,January,Saturday
129,Instagram,2025-10-28,Video,Travel,1882,251,63,23164,19481,12,2196,11.272521944458704,October,Tuesday
130,Facebook,2025-12-05,Image,Food,1933,235,181,36595,31890,8,2349,7.365945437441204,December,Friday
131,Instagram,2025-09-24,Reel,Travel,2623,109,196,31257,24299,6,2928,12.04987859582699,September,Wednesday
132,Instagram,2025-06-30,Video,Travel,756,65,58,15211,8916,10,879,9.858681022880216,June,Monday
133,Instagram,2025-12-26,Image,Fitness,7363,613,218,96989,66991,0,8194,12.231493782746936,December,Friday
134,Instagram,2025-03-09,Image,Travel,413,41,20,6232,5017,11,474,9.447877217460633,March,Sunday
135,Twitter,2025-12-17,Reel,Travel,1874,267,122,68753,56579,8,2263,3.9997172095653863,December,Wednesday
136,Instagram,2025-11-17,Image,Technology,1618,154,128,53691,31751,1,1900,5.984063494063179,November,Monday
137,Facebook,2025-02-18,Text,Food,2005,180,38,90765,49921,3,2223,4.453035796558562,February,Tuesday
138,Facebook,2025-06-24,Video,Technology,7157,189,691,80768,64553,8,8037,12.450234690874165,June,Tuesday
139,Instagram,2025-02-21,Video,Technology,1724,48,155,26613,17958,15,1927,10.730593607305936,February,Friday
140,Twitter,2025-04-12,Reel,Fashion,841,37,28,15026,9602,3,906,9.435534263695065,April,Saturday
141,Twitter,2025-08-04,Reel,Technology,1514,36,127,54535,30240,15,1677,5.54563492063492,August,Monday
142,Instagram,2025-07-07,Video,Fitness,2699,314,152,95090,70281,2,3165,4.503350834507192,July,Monday
143,Facebook,2025-02-26,Reel,Fitness,2587,295,133,31908,27054,0,3015,11.144377910844977,February,Wednesday
144,Instagram,2025-02-16,Reel,Fashion,3169,119,121,53113,47014,6,3409,7.2510316076062455,February,Sunday
145,Instagram,2025-06-08,Image,Entertainment,656,84,40,20610,15416,14,780,5.0596782563570315,June,Sunday
146,Instagram,2025-06-23,Text,Food,2840,113,214,47646,34784,5,3167,9.104760809567617,June,Monday
147,Facebook,2025-08-30,Reel,Food,894,52,42,64185,37212,9,988,2.655057508330646,August,Saturday
148,Facebook,2025-10-09,Reel,Technology,2872,150,191,73567,54594,15,3213,5.885262116716122,October,Thursday
149,Instagram,2025-08-29,Text,Technology,2217,151,161,48574,33175,3,2529,7.623210248681237,August,Friday
150,Instagram,2025-01-05,Text,Entertainment,2442,129,180,92051,70188,5,2751,3.9194734142588477,January,Sunday
151,Twitter,2025-03-25,Reel,Technology,3021,252,44,37182,25508,5,3317,13.003763525168575,March,Tuesday
152,Instagram,2025-11-04,Reel,Food,40,2,3,1570,995,12,45,4.522613065326634,November,Tuesday
153,Instagram,2025-12-27,Reel,Travel,1903,282,97,98790,57618,15,2282,3.9605678780936513,December,Saturday
154,Facebook,2025-09-05,Reel,Fitness,540,14,18,20288,13394,3,572,4.270568911452889,September,Friday
155,Twitter,2025-02-23,Reel,Travel,4516,173,143,79824,46603,13,4832,10.36843121687445,February,Sunday
156,Instagram,2025-06-10,Reel,Travel,1181,31,63,30877,18894,12,1275,6.748174023499523,June,Tuesday
157,Facebook,2025-08-14,Image,Food,5855,593,525,85425,76503,5,6973,9.114675241493797,August,Thursday
158,Twitter,2025-01-15,Text,Travel,29,0,1,1917,1352,9,30,2.2189349112426036,January,Wednesday
159,Instagram,2025-08-12,Text,Entertainment,1321,170,102,76602,56390,10,1593,2.8249689661287465,August,Tuesday
160,Facebook,2025-03-02,Image,Fashion,5307,459,99,96040,82187,7,5865,7.136165086935891,March,Sunday
161,Instagram,2025-05-02,Reel,Technology,5989,530,316,65575,58915,12,6835,11.601459730119663,May,Friday
162,Facebook,2025-10-04,Image,Fashion,6015,559,596,73518,55428,2,7170,12.93570036804503,October,Saturday
163,Facebook,2025-02-15,Video,Fitness,959,40,76,40104,33461,3,1075,3.2126953767072113,February,Saturday
164,Facebook,2025-10-21,Reel,Technology,935,42,27,19062,12665,9,1004,7.9273588630082905,October,Tuesday
165,Instagram,2025-03-03,Image,Travel,1316,80,72,17999,11825,12,1468,12.414376321353066,March,Monday
166,Twitter,2025-03-27,Reel,Fitness,2553,248,79,62845,43422,11,2880,6.632582561835014,March,Thursday
167,Instagram,2025-07-29,Reel,Technology,884,41,41,10941,8592,13,966,11.243016759776536,July,Tuesday
168,Instagram,2025-03-19,Video,Entertainment,1636,57,131,62169,49036,14,1824,3.7197161269271555,March,Wednesday
169,Instagram,2025-07-21,Image,Entertainment,1834,267,145,24470,16158,0,2246,13.900235177620992,July,Monday
170,Facebook,2025-10-29,Image,Entertainment,3452,78,105,60821,36287,3,3635,10.017361589549976,October,Wednesday
171,Facebook,2025-08-11,Reel,Entertainment,7717,959,717,87669,67622,10,9393,13.890449853597941,August,Monday
172,Instagram,2025-08-10,Text,Travel,2369,290,150,45435,27029,9,2809,10.392541344481852,August,Sunday
173,Facebook,2025-01-03,Reel,Fashion,234,13,10,5529,4160,9,257,6.177884615384616,January,Friday
174,Instagram,2025-01-06,Image,Technology,7583,285,418,84055,66630,11,8286,12.435839711841513,January,Monday
175,Facebook,2025-04-03,Reel,Travel,498,19,32,13192,10490,13,549,5.2335557673975215,April,Thursday
176,Instagram,2025-01-08,Video,Entertainment,3252,359,196,75102,61111,8,3807,6.229647690268528,January,Wednesday
177,Facebook,2025-08-23,Reel,Fashion,5684,588,305,73762,63103,7,6577,10.422642346639622,August,Saturday
178,Instagram,2025-04-18,Image,Fitness,6144,748,340,87795,63650,10,7232,11.362136684996074,April,Friday
179,Twitter,2025-06-10,Reel,Fitness,3192,452,82,35087,28265,3,3726,13.182381036617723,June,Tuesday
180,Instagram,2025-07-28,Video,Fitness,2100,230,174,67677,51888,11,2504,4.825778600061671,July,Monday
181,Instagram,2025-08-28,Text,Entertainment,345,13,20,5627,3462,6,378,10.918544194107453,August,Thursday
182,Instagram,2025-11-27,Video,Fitness,3018,155,65,57541,32164,9,3238,10.067155826389753,November,Thursday
183,Twitter,2025-11-29,Reel,Food,1186,153,93,69226,44968,2,1432,3.184486746130582,November,Saturday
184,Twitter,2025-02-19,Text,Technology,176,8,16,4255,3000,8,200,6.666666666666667,February,Wednesday
185,Instagram,2025-01-11,Image,Technology,2160,63,205,58433,44758,9,2428,5.424728540149247,January,Saturday
186,Facebook,2025-12-17,Text,Entertainment,265,29,11,6213,5265,3,305,5.7929724596391265,December,Wednesday
187,Twitter,2025-06-05,Reel,Food,1493,107,33,20404,12623,1,1633,12.936702844014894,June,Thursday
188,Facebook,2025-03-11,Image,Travel,1320,184,74,26380,15668,9,1578,10.071483278018892,March,Tuesday
189,Facebook,2025-06-18,Video,Travel,7494,783,150,92056,81673,4,8427,10.317975340687866,June,Wednesday
190,Instagram,2025-09-29,Reel,Fitness,1395,44,131,20173,11858,1,1570,13.240006746500251,September,Monday
191,Instagram,2025-03-09,Image,Fashion,2237,320,59,54027,38762,13,2616,6.748877766885093,March,Sunday
192,Twitter,2025-12-21,Reel,Travel,1889,101,61,24989,18865,9,2051,10.871985157699443,December,Sunday
193,Twitter,2025-09-09,Video,Fashion,1197,76,55,25519,18870,15,1328,7.0376258611552736,September,Tuesday
194,Facebook,2025-02-17,Reel,Technology,1454,105,64,23439,13597,5,1623,11.936456571302493,February,Monday
195,Instagram,2025-07-03,Image,Fashion,1691,45,137,77949,44427,10,1873,4.2159047426114755,July,Thursday
196,Instagram,2025-11-16,Text,Technology,1077,91,55,15995,9387,9,1223,13.028656652817727,November,Sunday
197,Facebook,2025-07-06,Text,Food,776,27,19,24559,18540,0,822,4.433656957928803,July,Sunday
198,Twitter,2025-03-31,Text,Food,3508,253,119,90049,66683,13,3880,5.818574449259931,March,Monday
199,Twitter,2025-11-28,Reel,Entertainment,363,23,20,6021,3804,5,406,10.67297581493165,November,Friday
200,Twitter,2025-05-19,Image,Entertainment,4545,547,105,99000,76548,3,5197,6.789204159481632,May,Monday
201,Facebook,2025-12-23,Reel,Fitness,1496,186,97,22119,18514,2,1779,9.608944582478125,December,Tuesday
202,Instagram,2025-03-30,Image,Travel,1911,76,116,52539,29661,1,2103,7.090118337210479,March,Sunday
203,Instagram,2025-10-01,Image,Fitness,6541,442,486,95835,69417,6,7469,10.759612198740943,October,Wednesday
204,Twitter,2025-01-19,Video,Technology,1367,93,129,40350,31927,8,1589,4.97697873273405,January,Sunday
205,Facebook,2025-11-07,Video,Fitness,779,30,71,47223,30142,11,880,2.9195142989848053,November,Friday
206,Instagram,2025-12-24,Reel,Fashion,871,107,82,26517,17440,2,1060,6.077981651376147,December,Wednesday
207,Instagram,2025-06-03,Reel,Technology,4107,459,131,79653,60916,15,4697,7.710617900059098,June,Tuesday
208,Facebook,2025-09-17,Video,Entertainment,739,33,16,23250,20094,5,788,3.9215686274509802,September,Wednesday
209,Instagram,2025-04-18,Image,Food,3952,267,147,85486,71250,8,4366,6.127719298245614,April,Friday
210,Instagram,2025-10-12,Text,Entertainment,3795,128,343,83895,63264,15,4266,6.743171471927162,October,Sunday
211,Facebook,2025-02-28,Video,Travel,1868,189,182,90132,72608,1,2239,3.0836822388717495,February,Friday
212,Facebook,2025-05-05,Video,Technology,4887,174,426,92066,62392,6,5487,8.794396717527889,May,Monday
213,Facebook,2025-12-20,Image,Technology,5692,843,113,67798,52498,4,6648,12.663339555792602,December,Saturday
214,Instagram,2025-09-30,Reel,Fashion,1384,168,131,55199,39365,4,1683,4.2753715229264575,September,Tuesday
215,Facebook,2025-04-17,Reel,Travel,2977,210,143,60546,37325,10,3330,8.921634293369056,April,Thursday
216,Instagram,2025-10-26,Image,Food,6133,583,66,89151,70929,6,6782,9.561674350406744,October,Sunday
217,Instagram,2025-09-02,Image,Technology,199,27,9,4327,3222,8,235,7.293606455617629,September,Tuesday
218,Facebook,2025-12-02,Reel,Technology,1872,172,26,30768,20784,3,2070,9.959584295612009,December,Tuesday
219,Facebook,2025-09-04,Reel,Fashion,3471,148,204,65418,56846,8,3823,6.725187348274285,September,Thursday
220,Twitter,2025-01-08,Image,Fitness,3745,259,151,95386,53161,14,4155,7.815880062451798,January,Wednesday
221,Facebook,2025-05-21,Text,Food,599,77,31,43788,28922,15,707,2.4445059124541872,May,Wednesday
222,Facebook,2025-12-28,Image,Entertainment,4237,439,276,83384,47521,13,4952,10.420656130973676,December,Sunday
223,Instagram,2025-01-08,Video,Travel,3371,352,297,47830,39138,12,4020,10.271347539475702,January,Wednesday
224,Instagram,2025-12-18,Text,Technology,1013,134,70,53446,42528,10,1217,2.8616440933032354,December,Thursday
225,Instagram,2025-04-04,Video,Technology,611,83,29,16160,10762,9,723,6.718082140866009,April,Friday
226,Instagram,2025-11-17,Reel,Entertainment,5339,745,447,57583,45287,8,6531,14.421357122352992,November,Monday
227,Twitter,2025-02-08,Video,Food,1495,48,136,34998,24098,12,1679,6.967383185326582,February,Saturday
228,Instagram,2025-03-22,Image,Fitness,1614,146,33,28230,22998,3,1793,7.796330115662231,March,Saturday
229,Twitter,2025-07-06,Text,Technology,792,92,45,10076,7143,2,929,13.005739885202297,July,Sunday
230,Facebook,2025-03-25,Video,Food,4479,530,159,70341,48837,1,5168,10.58214059012634,March,Tuesday
231,Twitter,2025-03-29,Text,Entertainment,2200,217,31,32085,28143,8,2448,8.698433002878158,March,Saturday
232,Facebook,2025-08-30,Image,Fashion,3600,150,252,56571,36081,11,4002,11.091710318450154,August,Saturday
233,Facebook,2025-12-08,Image,Fitness,990,122,86,15715,9305,1,1198,12.874798495432563,December,Monday
234,Facebook,2025-04-03,Image,Travel,334,37,8,6750,5093,5,379,7.441586491262517,April,Thursday
235,Instagram,2025-03-27,Reel,Technology,4788,149,397,79768,70934,4,5334,7.519666168551048,March,Thursday
236,Facebook,2025-02-13,Video,Food,1475,118,128,36903,25176,13,1721,6.835875436924055,February,Thursday
237,Instagram,2025-05-17,Text,Fashion,4901,208,452,73489,42014,4,5561,13.236064169086495,May,Saturday
238,Instagram,2025-03-15,Video,Travel,1985,126,67,33093,22131,3,2178,9.841398942659618,March,Saturday
239,Facebook,2025-02-05,Text,Food,1895,42,173,92036,66917,15,2110,3.1531598846332027,February,Wednesday
240,Instagram,2025-04-11,Image,Food,5736,413,222,88954,53965,5,6371,11.805800055591586,April,Friday
241,Twitter,2025-06-05,Text,Travel,1875,171,111,35314,27556,4,2157,7.82769632747859,June,Thursday
242,Twitter,2025-09-12,Reel,Fashion,1189,119,17,49225,44263,10,1325,2.993470844723584,September,Friday
243,Twitter,2025-06-20,Reel,Entertainment,4724,501,65,88985,63011,3,5290,8.395359540397708,June,Friday
244,Instagram,2025-08-04,Reel,Fashion,3495,449,261,84014,56638,12,4205,7.424344079946326,August,Monday
245,Instagram,2025-06-19,Reel,Fitness,2691,129,134,36179,24972,8,2954,11.829248758609642,June,Thursday
246,Twitter,2025-09-09,Reel,Technology,628,22,20,26338,15547,12,670,4.309513089341995,September,Tuesday
247,Instagram,2025-12-26,Image,Travel,8239,1076,223,93435,80274,5,9538,11.881804818496649,December,Friday
248,Twitter,2025-11-18,Image,Entertainment,3722,150,261,70681,49136,10,4133,8.411348095083035,November,Tuesday
249,Twitter,2025-02-24,Text,Travel,577,84,5,33101,22692,9,666,2.9349550502379693,February,Monday
250,Twitter,2025-04-01,Reel,Travel,345,44,28,3775,2947,15,417,14.149983033593486,April,Tuesday
251,Instagram,2025-10-05,Reel,Fashion,4930,419,84,98183,69190,9,5433,7.852290793467263,October,Sunday
252,Instagram,2025-04-11,Video,Technology,1777,262,48,46619,36217,12,2087,5.762487229753983,April,Friday
253,Twitter,2025-06-04,Image,Fitness,1791,58,80,46838,26768,9,1929,7.206365809922295,June,Wednesday
254,Instagram,2025-12-15,Image,Food,1813,107,97,20539,17146,12,2017,11.763676659279131,December,Monday
255,Instagram,2025-12-30,Reel,Food,2580,265,108,58124,51101,2,2953,5.778751883524784,December,Tuesday
256,Facebook,2025-05-21,Video,Travel,2018,132,78,66149,51402,9,2228,4.334461694097506,May,Wednesday
257,Twitter,2025-06-22,Image,Technology,803,112,77,27616,24415,5,992,4.063075977882449,June,Sunday
258,Facebook,2025-01-10,Video,Entertainment,2421,69,164,80655,48635,13,2654,5.456975429217641,January,Friday
259,Facebook,2025-08-16,Image,Fashion,6444,589,78,91695,65754,0,7111,10.81455120601028,August,Saturday
260,Instagram,2025-09-22,Reel,Technology,2838,274,138,55567,42266,4,3250,7.689395731793877,September,Monday
261,Facebook,2025-09-05,Image,Technology,1227,128,108,38099,28711,9,1463,5.095607955139146,September,Friday
262,Twitter,2025-09-04,Reel,Fashion,1942,103,72,76831,53052,5,2117,3.990424489180427,September,Thursday
263,Instagram,2025-06-04,Video,Travel,2235,150,41,62799,41970,14,2426,5.7803192756731,June,Wednesday
264,Facebook,2025-02-03,Video,Technology,6180,801,483,91221,54220,10,7464,13.766137956473626,February,Monday
265,Twitter,2025-05-09,Image,Food,987,44,63,26479,18193,7,1094,6.0133018193810805,May,Friday
266,Facebook,2025-06-09,Image,Fashion,3401,433,208,47172,28630,10,4042,14.118057981138666,June,Monday
267,Facebook,2025-03-30,Video,Entertainment,3144,292,46,56863,45890,14,3482,7.587709740684245,March,Sunday
268,Facebook,2025-04-03,Video,Fitness,1016,120,23,43043,26819,14,1159,4.321563070957158,April,Thursday
269,Instagram,2025-11-23,Reel,Travel,5202,586,343,83569,47675,8,6131,12.85998951232302,November,Sunday
270,Instagram,2025-08-29,Image,Fashion,805,37,23,16408,12196,10,865,7.0924893407674645,August,Friday
271,Twitter,2025-11-19,Reel,Fitness,4068,382,225,58980,44726,2,4675,10.45253320216429,November,Wednesday
272,Twitter,2025-04-27,Text,Fitness,8498,1128,501,83956,71796,1,10127,14.105242631901499,April,Sunday
273,Twitter,2025-04-04,Reel,Entertainment,326,24,11,17351,13046,12,361,2.767131687873678,April,Friday
274,Twitter,2025-06-12,Image,Technology,102,14,9,5131,3442,3,125,3.6316095293434048,June,Thursday
275,Facebook,2025-04-09,Video,Entertainment,3505,276,300,45825,38083,7,4081,10.716067536696164,April,Wednesday
276,Facebook,2025-04-23,Image,Technology,439,16,32,12349,9127,10,487,5.335816807275117,April,Wednesday
277,Twitter,2025-12-25,Image,Technology,1375,97,23,61931,35780,15,1495,4.178311906092789,December,Thursday
278,Facebook,2025-04-01,Text,Fashion,810,116,15,45254,33852,15,941,2.779747134585844,April,Tuesday
279,Facebook,2025-12-12,Image,Fashion,755,46,41,39225,34039,7,842,2.473633185463733,December,Friday
280,Twitter,2025-07-25,Video,Travel,902,119,22,13453,9265,2,1043,11.257420399352402,July,Friday
281,Twitter,2025-01-17,Reel,Technology,433,58,42,19814,12952,3,533,4.115194564546016,January,Friday
282,Instagram,2025-10-01,Reel,Fitness,771,50,18,19263,11561,2,839,7.257157685321339,October,Wednesday
283,Instagram,2025-06-22,Reel,Food,3824,117,206,78694,47452,9,4147,8.739357666694765,June,Sunday
284,Instagram,2025-04-26,Image,Travel,737,84,31,16735,11739,1,852,7.257858420649119,April,Saturday
285,Facebook,2025-12-15,Video,Fashion,289,17,19,16830,12765,3,325,2.54602428515472,December,Monday
286,Instagram,2025-06-30,Video,Entertainment,2780,338,60,48893,28270,5,3178,11.241598868058011,June,Monday
287,Facebook,2025-04-01,Image,Travel,844,65,41,45673,40139,10,950,2.3667754552928573,April,Tuesday
288,Facebook,2025-03-23,Video,Travel,7085,588,246,90462,73662,13,7919,10.75045477994081,March,Sunday
289,Instagram,2025-11-20,Image,Travel,3804,460,341,46066,34794,15,4605,13.235040524228314,November,Thursday
290,Facebook,2025-04-24,Image,Travel,232,16,3,4373,3673,10,251,6.833650966512388,April,Thursday
291,Instagram,2025-09-14,Video,Food,481,37,44,11335,6552,4,562,8.577533577533577,September,Sunday
292,Instagram,2025-02-27,Image,Entertainment,1200,82,101,24741,17736,2,1383,7.797699594046008,February,Thursday
293,Twitter,2025-06-03,Reel,Entertainment,530,35,19,11692,9009,1,584,6.482406482406483,June,Tuesday
294,Instagram,2025-12-31,Reel,Entertainment,4411,389,357,48295,40569,8,5157,12.71167640316498,December,Wednesday
295,Instagram,2025-04-26,Reel,Technology,4196,525,53,46541,38359,14,4774,12.445579916056206,April,Saturday
296,Facebook,2025-12-09,Image,Fitness,1215,81,117,35057,22680,0,1413,6.23015873015873,December,Tuesday
297,Twitter,2025-09-23,Image,Entertainment,4872,429,279,67983,59777,8,5580,9.33469394583201,September,Tuesday
298,Instagram,2025-11-11,Image,Travel,1376,147,51,20583,12216,0,1574,12.884741322855273,November,Tuesday
299,Facebook,2025-07-22,Reel,Travel,2364,130,100,23765,20349,14,2594,12.747555162415845,July,Tuesday
300,Instagram,2025-02-10,Reel,Entertainment,3803,213,60,60287,53645,13,4076,7.598098611240562,February,Monday
301,Instagram,2025-04-15,Image,Entertainment,995,140,98,24906,15242,6,1233,8.089489568298124,April,Tuesday
302,Facebook,2025-07-12,Text,Travel,3308,377,44,86103,69116,5,3729,5.395277504485213,July,Saturday
303,Facebook,2025-10-05,Image,Technology,5273,501,363,80675,45508,6,6137,13.485541003779556,October,Sunday
304,Facebook,2025-12-20,Video,Fashion,1127,117,56,47525,32882,14,1300,3.9535308071285207,December,Saturday
305,Facebook,2025-08-25,Reel,Fashion,2235,53,213,39230,28665,2,2501,8.72492586778301,August,Monday
306,Twitter,2025-08-09,Text,Entertainment,745,74,23,20520,15456,13,842,5.4477225672877845,August,Saturday
307,Facebook,2025-03-09,Reel,Food,3625,312,209,86238,75680,2,4146,5.4783298097251585,March,Sunday
308,Instagram,2025-07-16,Reel,Entertainment,2514,228,134,52934,41568,12,2876,6.918783679753656,July,Wednesday
309,Twitter,2025-09-13,Video,Entertainment,2288,152,167,26566,19086,10,2607,13.659226658283558,September,Saturday
310,Instagram,2025-05-19,Reel,Fashion,1576,48,25,74193,61831,0,1649,2.666947000695444,May,Monday
311,Instagram,2025-11-08,Image,Travel,2139,96,58,31134,27481,3,2293,8.343946726829445,November,Saturday
312,Instagram,2025-05-29,Text,Entertainment,178,25,5,11345,6327,11,208,3.2874980243401297,May,Thursday
313,Instagram,2025-04-09,Video,Travel,1336,97,102,42185,37708,1,1535,4.07075421661186,April,Wednesday
314,Twitter,2025-03-17,Reel,Travel,3485,281,94,93949,54504,9,3860,7.082049023924849,March,Monday
315,Twitter,2025-10-09,Video,Food,4256,114,262,71744,59908,7,4632,7.731855511784737,October,Thursday
316,Facebook,2025-04-19,Reel,Travel,1024,25,30,34455,22330,2,1079,4.832064487236901,April,Saturday
317,Instagram,2025-07-07,Video,Fashion,893,101,78,29018,17302,6,1072,6.195815512657496,July,Monday
318,Instagram,2025-07-18,Reel,Technology,1115,100,105,55219,38871,6,1320,3.3958478042756814,July,Friday
319,Instagram,2025-10-30,Image,Technology,1833,157,103,46991,36436,11,2093,5.744318805576902,October,Thursday
320,Instagram,2025-11-23,Image,Fitness,5947,306,248,74616,50987,8,6501,12.750308902269206,November,Sunday
321,Facebook,2025-06-03,Image,Entertainment,5761,672,178,88438,50329,5,6611,13.135567962804744,June,Tuesday
322,Facebook,2025-02-09,Image,Fashion,426,17,6,10486,7967,0,449,5.635747458265344,February,Sunday
323,Facebook,2025-05-13,Text,Travel,2660,118,90,39862,34514,7,2868,8.309671437677464,May,Tuesday
324,Instagram,2025-05-12,Image,Technology,4544,363,312,59870,40958,0,5219,12.742321402412227,May,Monday
325,Twitter,2025-10-06,Text,Fashion,1131,64,65,87694,54871,2,1260,2.2962949463286617,October,Monday
326,Facebook,2025-12-28,Video,Technology,3195,166,303,44856,31619,10,3664,11.587969258989848,December,Sunday
327,Facebook,2025-03-25,Image,Travel,5667,588,258,87055,49353,4,6513,13.19676615403319,March,Tuesday
328,Facebook,2025-08-30,Reel,Technology,789,82,57,32379,27106,7,928,3.4235962517523797,August,Saturday
329,Instagram,2025-04-26,Reel,Entertainment,1993,253,107,65729,55161,8,2353,4.265694965646018,April,Saturday
330,Instagram,2025-04-19,Video,Entertainment,2577,191,144,29378,22203,14,2912,13.115344773228843,April,Saturday
331,Instagram,2025-08-09,Reel,Fitness,2749,81,93,55353,37285,6,2923,7.839613785704707,August,Saturday
332,Twitter,2025-02-10,Reel,Fitness,906,50,46,50996,42322,15,1002,2.367562969613912,February,Monday
333,Instagram,2025-05-27,Image,Technology,511,75,26,15031,11185,8,612,5.471613768439875,May,Tuesday
334,Instagram,2025-04-22,Text,Fashion,4421,431,325,81072,68025,10,5177,7.610437339213524,April,Tuesday
335,Instagram,2025-04-13,Text,Entertainment,4611,517,436,66982,51643,2,5564,10.77396743024224,April,Sunday
336,Instagram,2025-02-15,Reel,Fashion,2899,60,114,37683,31071,12,3073,9.89025135978887,February,Saturday
337,Twitter,2025-11-20,Image,Fashion,1690,147,23,18618,14140,4,1860,13.154172560113153,November,Thursday
338,Facebook,2025-09-28,Reel,Technology,257,6,14,7587,5272,9,277,5.254172989377845,September,Sunday
339,Facebook,2025-07-14,Image,Fashion,4168,391,245,63790,56472,7,4804,8.506870661566794,July,Monday
340,Instagram,2025-10-07,Image,Entertainment,1761,246,44,32480,24015,11,2051,8.540495523631064,October,Tuesday
341,Facebook,2025-10-10,Image,Travel,4592,669,360,99530,75820,0,5621,7.413611184384067,October,Friday
342,Facebook,2025-02-09,Video,Fitness,498,44,49,21527,13501,7,591,4.3774535219613355,February,Sunday
343,Instagram,2025-07-08,Text,Travel,2224,176,211,24569,18893,6,2611,13.819933308632827,July,Tuesday
344,Instagram,2025-06-13,Reel,Fashion,959,136,26,12151,9114,0,1121,12.29975861312267,June,Friday
345,Instagram,2025-01-24,Reel,Travel,3094,332,274,72094,44315,12,3700,8.349317386889316,January,Friday
346,Facebook,2025-01-24,Video,Entertainment,2759,78,202,60174,34350,12,3039,8.847161572052402,January,Friday
347,Facebook,2025-01-04,Video,Entertainment,1488,119,75,45739,34831,9,1682,4.829031609772903,January,Saturday
348,Instagram,2025-11-19,Video,Fashion,2064,105,121,33954,27750,11,2290,8.252252252252253,November,Wednesday
349,Instagram,2025-10-17,Text,Technology,2382,193,205,36303,26617,9,2780,10.444452793327573,October,Friday
350,Facebook,2025-06-30,Image,Travel,1606,127,85,35700,22468,14,1818,8.091507922378494,June,Monday
351,Facebook,2025-09-05,Text,Technology,8767,838,382,94036,73656,11,9987,13.558976865428479,September,Friday
352,Twitter,2025-04-26,Reel,Technology,3215,213,174,68568,39634,5,3602,9.088156633193723,April,Saturday
353,Facebook,2025-10-06,Video,Food,2727,112,169,67788,47766,0,3008,6.297366327513294,October,Monday
354,Instagram,2025-12-31,Reel,Fashion,4252,363,114,72045,43744,1,4729,10.81062545720556,December,Wednesday
355,Instagram,2025-03-10,Video,Fitness,884,113,80,38842,23870,4,1077,4.511939673229995,March,Monday
356,Facebook,2025-12-17,Text,Entertainment,540,57,38,14900,9249,1,635,6.865607092658665,December,Wednesday
357,Instagram,2025-09-11,Text,Entertainment,3038,194,203,81059,55553,13,3435,6.1832844310838295,September,Thursday
358,Facebook,2025-06-30,Video,Fashion,103,14,1,2881,1636,9,118,7.212713936430318,June,Monday
359,Twitter,2025-11-14,Image,Fitness,2303,319,148,34037,23459,0,2770,11.807834946076133,November,Friday
360,Facebook,2025-06-18,Reel,Entertainment,131,6,2,2630,1917,5,139,7.250912884715702,June,Wednesday
361,Instagram,2025-11-09,Text,Fashion,1557,39,26,21789,15669,15,1622,10.351649754291914,November,Sunday
362,Facebook,2025-09-06,Image,Entertainment,4729,550,271,89059,60914,7,5550,9.111205962504515,September,Saturday
363,Facebook,2025-07-07,Reel,Technology,3864,493,178,84494,71287,7,4535,6.361608708460167,July,Monday
364,Facebook,2025-02-23,Reel,Travel,2861,417,180,47151,28331,12,3458,12.205711058557764,February,Sunday
365,Twitter,2025-11-22,Reel,Travel,1590,215,28,49920,36291,12,1833,5.050839051004381,November,Saturday
366,Instagram,2025-12-23,Image,Entertainment,1655,162,80,68231,39008,15,1897,4.8631050041017225,December,Tuesday
367,Twitter,2025-11-09,Reel,Food,3295,292,84,81357,46772,7,3671,7.848712905156932,November,Sunday
368,Twitter,2025-05-18,Text,Fitness,147,3,14,4262,3200,15,164,5.125,May,Sunday
369,Instagram,2025-06-17,Image,Fitness,1063,55,64,67981,50857,10,1182,2.324163831920876,June,Tuesday
370,Instagram,2025-04-13,Image,Fitness,6034,481,433,82972,71132,15,6948,9.767755721756734,April,Sunday
371,Instagram,2025-03-26,Text,Technology,4053,412,159,76485,57000,5,4624,8.112280701754386,March,Wednesday
372,Instagram,2025-11-13,Image,Fitness,3186,294,59,55722,49365,10,3539,7.169046895573787,November,Thursday
373,Instagram,2025-07-31,Text,Travel,5988,697,585,90499,51316,2,7270,14.167121365655936,July,Thursday
374,Facebook,2025-01-03,Video,Technology,2334,131,83,51818,30277,0,2548,8.41562902533276,January,Friday
375,Instagram,2025-06-28,Image,Fashion,1859,173,89,30932,17489,1,2121,12.127623077362912,June,Saturday
376,Instagram,2025-12-08,Text,Fitness,164,5,11,7901,4857,4,180,3.7059913526868438,December,Monday
377,Twitter,2025-10-30,Video,Fitness,545,40,6,9597,7096,12,591,8.328635851183765,October,Thursday
378,Instagram,2025-11-28,Video,Fashion,5378,632,445,64909,50366,9,6455,12.816185521979111,November,Friday
379,Twitter,2025-02-07,Video,Fitness,3252,358,189,73391,41535,4,3799,9.146502949319851,February,Friday
380,Instagram,2025-08-27,Reel,Fashion,6892,1025,241,85214,75081,9,8158,10.865598486967407,August,Wednesday
381,Instagram,2025-06-18,Image,Technology,447,25,6,9263,7824,13,478,6.1094069529652355,June,Wednesday
382,Facebook,2025-12-09,Video,Travel,1229,104,30,64293,42035,0,1363,3.2425359819198287,December,Tuesday
383,Facebook,2025-11-10,Text,Fashion,1017,63,92,26805,15466,15,1172,7.577912841070736,November,Monday
384,Twitter,2025-11-02,Image,Food,3357,259,240,92679,56484,0,3856,6.826711989235889,November,Sunday
385,Facebook,2025-01-30,Reel,Fashion,816,107,26,12874,7652,14,949,12.401986408782017,January,Thursday
386,Twitter,2025-07-09,Video,Fitness,2477,269,39,94065,55794,8,2785,4.9915761551421305,July,Wednesday
387,Instagram,2025-12-23,Reel,Technology,7459,1004,538,87402,63934,1,9001,14.078581036694091,December,Tuesday
388,Instagram,2025-01-25,Image,Entertainment,1110,51,68,15079,9590,6,1229,12.815432742440041,January,Saturday
389,Twitter,2025-04-22,Text,Technology,1537,205,71,50850,34341,9,1813,5.2794036283160075,April,Tuesday
390,Twitter,2025-07-25,Video,Entertainment,3624,100,154,73779,66130,15,3878,5.864206865265387,July,Friday
391,Twitter,2025-07-04,Image,Fashion,8338,1129,246,96408,76115,3,9713,12.760953819877816,July,Friday
392,Instagram,2025-02-16,Image,Travel,1030,64,72,10018,8837,6,1166,13.194523028176983,February,Sunday
393,Instagram,2025-08-16,Image,Food,1949,118,189,50500,30294,7,2256,7.4470192117250935,August,Saturday
394,Twitter,2025-02-08,Video,Technology,466,40,12,13100,8957,15,518,5.783186334710282,February,Saturday
395,Instagram,2025-01-16,Video,Fitness,3134,445,199,58021,43176,4,3778,8.750231610153788,January,Thursday
396,Twitter,2025-01-22,Reel,Entertainment,1065,27,51,20800,11998,12,1143,9.526587764627438,January,Wednesday
397,Twitter,2025-08-01,Video,Fitness,1681,110,84,64400,35514,11,1875,5.279608041898969,August,Friday
398,Instagram,2025-11-06,Image,Travel,6866,901,225,93446,73322,11,7992,10.899866342980278,November,Thursday
399,Twitter,2025-05-29,Reel,Entertainment,593,42,49,30437,23577,0,684,2.901132459600458,May,Thursday
400,Twitter,2025-08-29,Reel,Technology,1341,61,71,77537,53793,15,1473,2.7382744966817243,August,Friday
401,Instagram,2025-09-29,Image,Fashion,2016,151,118,47675,34391,3,2285,6.6441801634148465,September,Monday
402,Twitter,2025-02-28,Image,Fitness,806,56,30,20942,14563,9,892,6.125111584151617,February,Friday
403,Facebook,2025-10-14,Image,Travel,629,87,16,21862,12207,15,732,5.996559351191939,October,Tuesday
404,Twitter,2025-07-21,Reel,Technology,584,69,10,12669,8455,2,663,7.841513897102306,July,Monday
405,Instagram,2025-02-01,Reel,Technology,1745,149,129,54772,33519,9,2023,6.035382917151466,February,Saturday
406,Twitter,2025-06-11,Video,Technology,387,57,10,16916,9886,14,454,4.59235282217277,June,Wednesday
407,Instagram,2025-09-12,Reel,Technology,535,43,38,11878,10510,11,616,5.861084681255947,September,Friday
408,Instagram,2025-09-11,Reel,Entertainment,355,9,16,3985,3027,4,380,12.553683515031382,September,Thursday
409,Twitter,2025-01-09,Reel,Technology,4865,263,230,98905,79621,9,5358,6.7293804398337125,January,Thursday
410,Instagram,2025-05-19,Text,Fitness,3178,243,165,74648,49295,12,3586,7.274571457551477,May,Monday
411,Instagram,2025-01-10,Image,Travel,2255,91,97,42235,29040,9,2443,8.412534435261708,January,Friday
412,Twitter,2025-08-02,Image,Entertainment,1492,213,28,19931,12614,12,1733,13.738703028381163,August,Saturday
413,Twitter,2025-09-30,Image,Technology,2420,289,91,93876,54817,5,2800,5.107904482186183,September,Tuesday
414,Facebook,2025-11-20,Image,Food,72,3,5,1336,818,1,80,9.7799511002445,November,Thursday
415,Facebook,2025-02-17,Video,Food,3336,322,233,43933,36426,6,3891,10.681930489211004,February,Monday
416,Instagram,2025-04-21,Text,Travel,5458,621,195,85899,67614,12,6274,9.279143372674298,April,Monday
417,Instagram,2025-06-02,Image,Fashion,995,141,51,46536,34502,2,1187,3.440380267810562,June,Monday
418,Instagram,2025-05-03,Image,Fashion,4428,596,121,70504,50500,14,5145,10.188118811881187,May,Saturday
419,Facebook,2025-12-23,Video,Entertainment,1202,104,34,52148,45517,0,1340,2.9439550058220005,December,Tuesday
420,Twitter,2025-04-12,Text,Entertainment,791,95,9,17279,9943,9,895,9.00130745247913,April,Saturday
421,Twitter,2025-08-29,Video,Entertainment,4242,394,384,69665,45157,2,5020,11.11677037890028,August,Friday
422,Twitter,2025-11-17,Video,Fashion,2000,183,57,72386,48678,8,2240,4.60166810468795,November,Monday
423,Instagram,2025-07-10,Image,Food,7476,261,227,87124,71777,9,7964,11.095476266770692,July,Thursday
424,Facebook,2025-08-05,Image,Fashion,1622,59,57,78485,70430,10,1738,2.4676984239670596,August,Tuesday
425,Instagram,2025-02-20,Text,Fitness,4968,441,106,75055,47602,10,5515,11.585647661862946,February,Thursday
426,Facebook,2025-10-19,Text,Technology,5251,288,354,92911,79532,14,5893,7.409596137403812,October,Sunday
427,Instagram,2025-03-22,Image,Entertainment,3497,79,58,99618,83750,5,3634,4.33910447761194,March,Saturday
428,Twitter,2025-03-29,Text,Food,1642,187,36,78273,49204,10,1865,3.790342248597675,March,Saturday
429,Instagram,2025-07-13,Reel,Travel,5383,130,366,67670,46676,5,5879,12.595338075242093,July,Sunday
430,Instagram,2025-04-14,Text,Travel,1464,142,59,77474,53719,3,1665,3.099462015301848,April,Monday
431,Instagram,2025-09-28,Video,Technology,1959,176,144,55028,49105,14,2279,4.641075246919866,September,Sunday
432,Twitter,2025-04-06,Video,Food,3058,446,183,91022,55824,7,3687,6.604686156491832,April,Sunday
433,Facebook,2025-07-17,Video,Fashion,6304,522,208,92632,76857,4,7034,9.15206162093238,July,Thursday
434,Instagram,2025-01-01,Reel,Fashion,3583,101,245,72128,48107,6,3929,8.167210593052985,January,Wednesday
435,Instagram,2025-06-16,Image,Fitness,501,45,10,19108,15397,8,556,3.611093070078587,June,Monday
436,Facebook,2025-05-06,Image,Fitness,1825,236,106,53495,37286,12,2167,5.811832859518318,May,Tuesday
437,Instagram,2025-11-09,Video,Fashion,2766,413,136,83806,63057,12,3315,5.257148294400304,November,Sunday
438,Twitter,2025-03-22,Reel,Travel,3277,248,111,94185,79248,15,3636,4.588128407026045,March,Saturday
439,Facebook,2025-09-08,Image,Entertainment,3939,242,253,77533,64465,13,4434,6.878150934615683,September,Monday
440,Instagram,2025-06-18,Reel,Travel,4460,614,394,57830,49343,15,5468,11.081612386762053,June,Wednesday
441,Instagram,2025-03-14,Text,Fitness,1802,80,180,75640,43180,15,2062,4.775358962482631,March,Friday
442,Twitter,2025-05-21,Image,Technology,2402,240,155,53509,42390,4,2797,6.598254305260674,May,Wednesday
443,Instagram,2025-03-11,Reel,Fashion,2385,173,110,67406,40375,10,2668,6.6080495356037146,March,Tuesday
444,Instagram,2025-09-19,Video,Fitness,7791,197,235,95220,66228,13,8223,12.416198586700489,September,Friday
445,Twitter,2025-12-06,Text,Fitness,3471,226,115,40519,30065,4,3812,12.679195077332448,December,Saturday
446,Twitter,2025-11-04,Image,Entertainment,3500,190,186,50649,34996,13,3876,11.07555149159904,November,Tuesday
447,Twitter,2025-09-02,Reel,Fashion,1148,125,49,35524,25998,3,1322,5.085006538964536,September,Tuesday
448,Twitter,2025-01-03,Reel,Entertainment,2348,336,216,97493,87625,5,2900,3.3095577746077036,January,Friday
449,Instagram,2025-12-03,Text,Fashion,1077,59,46,34885,20837,1,1182,5.672601622114508,December,Wednesday
450,Instagram,2025-03-04,Reel,Entertainment,1665,208,72,45369,35678,2,1945,5.451538763383597,March,Tuesday
451,Twitter,2025-02-18,Video,Travel,4686,127,208,96402,66382,0,5021,7.563797414961887,February,Tuesday
452,Facebook,2025-03-17,Reel,Technology,1847,166,157,31676,18896,1,2170,11.483911939034716,March,Monday
453,Instagram,2025-06-24,Text,Technology,4171,121,286,65093,39417,1,4578,11.614278103356419,June,Tuesday
454,Twitter,2025-04-19,Reel,Fashion,4495,635,293,48764,43021,7,5423,12.60547174635643,April,Saturday
455,Instagram,2025-07-02,Image,Food,2486,297,99,51799,44436,7,2882,6.485732289134935,July,Wednesday
456,Facebook,2025-07-11,Text,Fitness,6188,653,517,80414,69756,1,7358,10.548196570904295,July,Friday
457,Instagram,2025-03-06,Reel,Fitness,4328,550,58,94095,84406,12,4936,5.847925502926332,March,Thursday
458,Facebook,2025-12-03,Reel,Fashion,1191,124,105,73307,45663,13,1420,3.109738738146859,December,Wednesday
459,Instagram,2025-09-28,Image,Entertainment,5050,737,283,83062,56017,5,6070,10.8359962154346,September,Sunday
460,Instagram,2025-04-10,Reel,Food,1586,178,72,96432,75624,14,1836,2.4278006981910507,April,Thursday
461,Instagram,2025-02-01,Video,Travel,1442,202,78,32923,23682,4,1722,7.271345325563719,February,Saturday
462,Facebook,2025-12-18,Reel,Entertainment,2926,255,205,79388,55288,2,3386,6.124294602807119,December,Thursday
463,Facebook,2025-05-08,Image,Entertainment,2930,103,32,48574,32798,4,3065,9.34508201719617,May,Thursday
464,Facebook,2025-12-05,Reel,Fashion,3250,288,287,44391,33640,4,3825,11.37039239001189,December,Friday
465,Twitter,2025-02-12,Text,Fashion,2070,75,103,54664,41077,4,2248,5.472648927623731,February,Wednesday
466,Instagram,2025-03-19,Image,Fitness,4195,407,171,68384,41475,2,4773,11.508137432188065,March,Wednesday
467,Instagram,2025-11-10,Text,Fashion,1131,93,25,32027,22902,14,1249,5.453672168369575,November,Monday
468,Twitter,2025-10-16,Video,Fashion,1752,176,86,36464,27118,2,2014,7.42680138653293,October,Thursday
469,Instagram,2025-09-27,Text,Fashion,2465,52,134,35485,26599,3,2651,9.966540095492311,September,Saturday
470,Twitter,2025-06-11,Reel,Fitness,1138,51,52,20456,12755,6,1241,9.72951783614269,June,Wednesday
471,Instagram,2025-07-08,Reel,Travel,7287,611,517,75795,61378,11,8415,13.710124148717782,July,Tuesday
472,Twitter,2025-09-04,Reel,Travel,868,124,41,36554,20427,11,1033,5.057032359132521,September,Thursday
473,Instagram,2025-08-04,Text,Fashion,2785,194,268,47922,32308,11,3247,10.050142379596384,August,Monday
474,Twitter,2025-11-11,Video,Fitness,960,72,61,14409,11859,13,1093,9.216628720802767,November,Tuesday
475,Facebook,2025-12-05,Video,Travel,5860,661,484,70327,52559,1,7005,13.327879145341425,December,Friday
476,Twitter,2025-06-17,Reel,Entertainment,2111,207,41,92400,59265,9,2359,3.980426896144436,June,Tuesday
477,Instagram,2025-12-05,Reel,Travel,2841,167,129,37639,29856,3,3137,10.507100750267954,December,Friday
478,Facebook,2025-07-12,Reel,Travel,3716,272,149,64627,48378,3,4137,8.551407664640953,July,Saturday
479,Twitter,2025-10-10,Reel,Fitness,3320,160,203,84424,69960,0,3683,5.2644368210405945,October,Friday
480,Facebook,2025-12-02,Video,Entertainment,1126,163,98,20692,16703,15,1387,8.303897503442496,December,Tuesday
481,Facebook,2025-01-13,Reel,Fitness,3669,135,62,90037,68746,9,3866,5.623599918540715,January,Monday
482,Facebook,2025-08-28,Image,Fashion,4485,306,74,79840,57553,15,4865,8.453078032422289,August,Thursday
483,Facebook,2025-11-16,Video,Technology,3586,83,310,55200,32933,7,3979,12.082106094191236,November,Sunday
484,Facebook,2025-05-27,Image,Travel,4641,226,135,94063,60338,0,5002,8.28996652192648,May,Tuesday
485,Facebook,2025-07-23,Video,Technology,3384,411,237,58415,40696,7,4032,9.907607627285236,July,Wednesday
486,Twitter,2025-03-21,Video,Fitness,1041,48,61,19074,14491,6,1150,7.9359602511903935,March,Friday
487,Instagram,2025-02-12,Video,Fitness,303,9,25,16549,12077,8,337,2.790428086445309,February,Wednesday
488,Instagram,2025-03-30,Reel,Fitness,872,71,18,30963,20152,7,961,4.768757443429932,March,Sunday
489,Twitter,2025-05-28,Video,Technology,3533,75,76,92456,51059,15,3684,7.2151824360054055,May,Wednesday
490,Twitter,2025-04-05,Video,Fitness,3595,111,216,97362,70459,4,3922,5.566357739962247,April,Saturday
491,Facebook,2025-05-31,Image,Fashion,1321,165,125,53265,34620,7,1611,4.653379549393414,May,Saturday
492,Facebook,2025-01-02,Video,Fitness,969,116,45,17061,13770,13,1130,8.206245461147423,January,Thursday
493,Instagram,2025-01-22,Image,Food,1728,240,68,59226,33070,14,2036,6.156637435742365,January,Wednesday
494,Instagram,2025-11-09,Image,Technology,1030,135,66,29810,22497,10,1231,5.471840689869761,November,Sunday
495,Facebook,2025-11-24,Reel,Food,3562,387,333,61006,53655,9,4282,7.980616904295965,November,Monday
496,Instagram,2025-01-07,Reel,Fitness,484,12,41,23800,14542,11,537,3.692752028606794,January,Tuesday
497,Facebook,2025-07-25,Reel,Fashion,6167,750,614,76476,54686,15,7531,13.77134915700545,July,Friday
498,Instagram,2025-04-24,Video,Travel,4378,568,52,70460,41007,14,4998,12.188162996561562,April,Thursday
499,Twitter,2025-09-29,Video,Entertainment,4101,508,82,58767,45191,11,4691,10.380385474983957,September,Monday
500,Twitter,2025-03-24,Text,Entertainment,660,56,42,29054,21578,2,758,3.5128371489480026,March,Monday
501,Facebook,2025-06-28,Video,Fitness,5158,259,432,76319,52856,14,5849,11.065914938701377,June,Saturday
502,Facebook,2025-07-29,Video,Fashion,3425,444,122,46397,33984,9,3991,11.74376177024482,July,Tuesday
503,Instagram,2025-11-24,Image,Technology,1189,136,37,14233,12294,6,1362,11.078574914592485,November,Monday
504,Twitter,2025-05-04,Video,Food,1768,260,142,91020,56314,11,2170,3.853393472315943,May,Sunday
505,Facebook,2025-04-23,Video,Food,1227,49,18,26068,14543,3,1294,8.897751495564876,April,Wednesday
506,Instagram,2025-01-12,Video,Food,5877,289,254,66727,56823,4,6420,11.29824190908611,January,Sunday
507,Twitter,2025-05-06,Reel,Technology,5355,254,297,91610,68889,15,5906,8.573211978690356,May,Tuesday
508,Twitter,2025-02-22,Video,Entertainment,5211,641,314,71453,61573,8,6166,10.01412956977896,February,Saturday
509,Twitter,2025-11-27,Reel,Fashion,1340,59,101,26832,20363,6,1500,7.366301625497225,November,Thursday
510,Facebook,2025-10-10,Reel,Technology,5299,151,222,87242,72721,3,5672,7.799672721772252,October,Friday
511,Facebook,2025-05-20,Reel,Food,241,36,15,14682,10283,5,292,2.8396382378683263,May,Tuesday
512,Instagram,2025-04-07,Reel,Fitness,6359,147,398,93298,75800,9,6904,9.108179419525065,April,Monday
513,Twitter,2025-01-05,Text,Travel,596,76,35,24383,21202,13,707,3.3345910763135556,January,Sunday
514,Twitter,2025-02-26,Image,Technology,2818,190,190,59160,44384,10,3198,7.2052992069214135,February,Wednesday
515,Instagram,2025-11-30,Image,Technology,2850,368,95,94332,57851,6,3313,5.726780868092168,November,Sunday
516,Instagram,2025-03-10,Image,Fashion,1184,109,20,24666,15886,12,1313,8.265139116202946,March,Monday
517,Instagram,2025-04-28,Reel,Fashion,1235,169,25,59817,37058,9,1429,3.8561174375303575,April,Monday
518,Twitter,2025-02-28,Text,Technology,5231,734,158,92198,58674,12,6123,10.435627364761222,February,Friday
519,Twitter,2025-02-02,Image,Food,2330,49,128,35642,23425,8,2507,10.702241195304161,February,Sunday
520,Instagram,2025-11-14,Text,Travel,1158,34,99,42830,31878,3,1291,4.049814919380137,November,Friday
521,Facebook,2025-02-19,Image,Fashion,258,13,18,11234,8490,15,289,3.4040047114252063,February,Wednesday
522,Instagram,2025-01-19,Text,Food,1416,151,114,58616,40988,9,1681,4.101200351322339,January,Sunday
523,Twitter,2025-08-02,Video,Fitness,842,114,35,10221,7823,2,991,12.66777451105714,August,Saturday
524,Twitter,2025-07-16,Image,Fashion,522,41,24,12410,7179,7,587,8.176626271068393,July,Wednesday
525,Twitter,2025-02-16,Video,Food,3140,310,142,81055,47070,14,3592,7.6311875929466755,February,Sunday
526,Facebook,2025-06-16,Image,Food,1167,51,31,62413,38080,0,1249,3.279936974789916,June,Monday
527,Instagram,2025-10-16,Image,Travel,127,15,1,2051,1499,8,143,9.539693128752502,October,Thursday
528,Instagram,2025-05-21,Video,Travel,5092,742,321,76301,47680,12,6155,12.908976510067113,May,Wednesday
529,Instagram,2025-03-25,Reel,Fitness,5200,285,514,77918,50580,0,5999,11.860419137999209,March,Tuesday
530,Twitter,2025-07-01,Video,Food,4510,380,112,79116,54598,1,5002,9.16150774753654,July,Tuesday
531,Twitter,2025-03-20,Video,Entertainment,1321,41,18,57563,48016,12,1380,2.874041986004665,March,Thursday
532,Twitter,2025-08-03,Reel,Food,1713,158,137,98859,54852,7,2008,3.660759862903814,August,Sunday
533,Twitter,2025-01-14,Reel,Travel,886,75,29,45757,35566,8,990,2.783557330034302,January,Tuesday
534,Facebook,2025-08-03,Image,Entertainment,2814,109,238,78475,61532,6,3161,5.137164402262238,August,Sunday
535,Twitter,2025-05-08,Video,Fashion,1455,112,106,52257,43348,15,1673,3.8594629510011997,May,Thursday
536,Twitter,2025-11-06,Image,Fashion,3890,246,369,96500,84578,2,4505,5.32644422899572,November,Thursday
537,Twitter,2025-09-05,Image,Technology,42,3,1,1307,728,6,46,6.318681318681318,September,Friday
538,Instagram,2025-01-29,Reel,Travel,3995,384,277,57889,34954,5,4656,13.320363906849,January,Wednesday
539,Facebook,2025-10-07,Image,Technology,4871,102,252,69895,60120,1,5225,8.690951430472388,October,Tuesday
540,Instagram,2025-12-04,Video,Entertainment,7072,841,472,96184,68336,2,8385,12.270252868180755,December,Thursday
541,Twitter,2025-11-15,Reel,Travel,2514,283,126,36944,27619,10,2923,10.583294109127776,November,Saturday
542,Facebook,2025-07-21,Image,Fitness,956,64,25,39134,30605,12,1045,3.414474759026303,July,Monday
543,Instagram,2025-12-27,Reel,Food,2087,56,116,28323,22309,11,2259,10.125958133488727,December,Saturday
544,Facebook,2025-02-26,Image,Fitness,3028,357,174,72762,63747,12,3559,5.5830078278193485,February,Wednesday
545,Facebook,2025-08-06,Text,Entertainment,6654,959,551,88225,79308,9,8164,10.294043476067987,August,Wednesday
546,Instagram,2025-03-03,Video,Travel,4230,216,322,97507,78205,9,4768,6.096796879994885,March,Monday
547,Instagram,2025-06-06,Reel,Entertainment,2099,130,146,26954,17534,12,2375,13.545112353142466,June,Friday
548,Facebook,2025-07-21,Reel,Food,2227,97,44,56021,48061,11,2368,4.92707184619546,July,Monday
549,Facebook,2025-01-17,Image,Fashion,2472,234,185,90959,51594,14,2891,5.603364732333217,January,Friday
550,Twitter,2025-11-18,Reel,Fashion,6913,277,380,96927,61149,4,7570,12.37959737689905,November,Tuesday
551,Facebook,2025-01-06,Text,Entertainment,1569,104,141,80866,69875,9,1814,2.5960644007155635,January,Monday
552,Twitter,2025-02-27,Reel,Technology,4096,453,380,71427,45689,3,4929,10.78815469806737,February,Thursday
553,Facebook,2025-11-21,Reel,Travel,347,32,5,5992,3758,1,384,10.21820117083555,November,Friday
554,Facebook,2025-11-14,Text,Travel,183,12,15,2961,1771,3,210,11.857707509881422,November,Friday
555,Twitter,2025-06-18,Image,Fashion,1348,100,18,13497,11481,11,1466,12.768922567720582,June,Wednesday
556,Instagram,2025-03-23,Image,Fitness,2859,266,123,33551,24325,7,3248,13.352517985611511,March,Sunday
557,Instagram,2025-08-07,Reel,Food,1613,33,94,77384,60840,4,1740,2.8599605522682445,August,Thursday
558,Instagram,2025-06-26,Video,Fitness,3674,110,85,56755,35964,4,3869,10.757980202424648,June,Thursday
559,Twitter,2025-07-23,Reel,Fitness,983,132,75,14255,11622,12,1190,10.239201514369299,July,Wednesday
560,Facebook,2025-03-12,Text,Entertainment,384,11,4,5567,4542,11,399,8.784676354029063,March,Wednesday
561,Facebook,2025-09-23,Video,Fashion,1079,120,27,49847,32869,11,1226,3.72995831938909,September,Tuesday
562,Instagram,2025-04-08,Image,Fashion,2890,403,179,49003,33995,9,3472,10.213266656861302,April,Tuesday
563,Instagram,2025-12-11,Reel,Fashion,1576,86,117,21389,13333,2,1779,13.342833570839272,December,Thursday
564,Instagram,2025-10-18,Image,Entertainment,4513,307,417,45523,40597,12,5237,12.899967977929402,October,Saturday
565,Instagram,2025-07-27,Reel,Technology,3103,291,228,62576,48556,7,3622,7.4594282889859125,July,Sunday
566,Facebook,2025-01-02,Video,Fitness,945,127,66,44919,39398,5,1138,2.888471496015026,January,Thursday
567,Instagram,2025-05-04,Reel,Entertainment,3066,436,139,83103,54530,1,3641,6.677058499908307,May,Sunday
568,Instagram,2025-10-07,Image,Travel,368,42,3,4358,3589,1,413,11.507383672332127,October,Tuesday
569,Twitter,2025-03-15,Reel,Food,6602,206,137,89535,73244,8,6945,9.482005351974223,March,Saturday
570,Instagram,2025-06-15,Video,Technology,4048,433,235,77524,61405,12,4716,7.680156339060337,June,Sunday
571,Facebook,2025-01-22,Reel,Travel,2221,162,157,98057,87072,6,2540,2.9171260565968393,January,Wednesday
572,Twitter,2025-06-03,Image,Fitness,288,23,13,6698,4606,9,324,7.034303082935302,June,Tuesday
573,Instagram,2025-10-22,Reel,Fashion,2702,71,204,67809,40397,8,2977,7.369359110825062,October,Wednesday
574,Facebook,2025-08-07,Text,Fitness,8335,373,474,94079,73861,13,9182,12.431459092078363,August,Thursday
575,Twitter,2025-06-06,Image,Entertainment,3847,472,64,56805,45742,15,4383,9.582003410432426,June,Friday
576,Twitter,2025-08-18,Image,Food,1243,98,33,32349,24302,5,1374,5.653855649740762,August,Monday
577,Instagram,2025-01-20,Image,Entertainment,3511,207,300,77777,48407,14,4018,8.30045241390708,January,Monday
578,Twitter,2025-02-10,Reel,Technology,990,69,74,51248,37234,4,1133,3.0429177633345867,February,Monday
579,Facebook,2025-05-28,Reel,Technology,5877,770,532,76033,50126,11,7179,14.32190878984958,May,Wednesday
580,Instagram,2025-04-18,Video,Food,3888,456,80,99239,69428,0,4424,6.372068905916921,April,Friday
581,Facebook,2025-03-25,Image,Travel,2368,131,234,45041,34944,11,2733,7.821085164835165,March,Tuesday
582,Twitter,2025-11-18,Video,Travel,1483,52,42,32954,26719,5,1577,5.902166997267861,November,Tuesday
583,Facebook,2025-11-05,Reel,Technology,501,26,5,9002,5682,5,532,9.36290038718761,November,Wednesday
584,Instagram,2025-10-17,Video,Technology,4222,589,421,70783,48972,2,5232,10.683655966674834,October,Friday
585,Facebook,2025-11-19,Text,Fashion,5202,497,183,88234,56840,2,5882,10.348346235045742,November,Wednesday
586,Instagram,2025-05-14,Image,Travel,601,53,42,20738,12847,15,696,5.417607223476298,May,Wednesday
587,Instagram,2025-07-26,Reel,Food,497,48,12,11703,9645,14,557,5.775012960082945,July,Saturday
588,Instagram,2025-10-10,Video,Travel,1423,96,88,50422,43778,2,1607,3.6707935492713237,October,Friday
589,Instagram,2025-09-23,Video,Fashion,4889,610,446,84106,57156,2,5945,10.40135768773182,September,Tuesday
590,Instagram,2025-03-14,Reel,Entertainment,1226,107,47,62899,51133,6,1380,2.698844190640095,March,Friday
591,Instagram,2025-12-18,Reel,Technology,922,32,64,13392,11569,9,1018,8.799377647160515,December,Thursday
592,Facebook,2025-02-17,Text,Technology,4138,152,111,45724,38689,10,4401,11.375326320142676,February,Monday
593,Instagram,2025-11-22,Image,Fashion,2230,200,147,33299,20445,1,2577,12.60454878943507,November,Saturday
594,Instagram,2025-08-21,Image,Food,955,135,38,16641,14722,9,1128,7.66200244531993,August,Thursday
595,Twitter,2025-04-10,Reel,Technology,3620,217,105,80534,54911,12,3942,7.178889475697037,April,Thursday
596,Facebook,2025-02-28,Reel,Fitness,135,17,5,7305,4885,9,157,3.213920163766633,February,Friday
597,Facebook,2025-09-15,Image,Technology,4942,589,128,99262,56763,1,5659,9.96952240015503,September,Monday
598,Instagram,2025-03-06,Image,Fitness,1454,75,132,19782,14246,2,1661,11.659413168608733,March,Thursday
599,Instagram,2025-03-24,Image,Fashion,2072,51,94,79257,46615,9,2217,4.7559798348171185,March,Monday
600,Instagram,2025-06-03,Text,Fashion,3125,103,100,78963,50298,11,3328,6.616565270984929,June,Tuesday
601,Instagram,2025-09-23,Image,Technology,1480,169,74,21566,14253,6,1723,12.088683084262962,September,Tuesday
602,Instagram,2025-11-05,Video,Travel,6170,283,239,68766,57288,2,6692,11.681329423264906,November,Wednesday
603,Instagram,2025-03-20,Image,Fitness,285,19,21,7511,6432,6,325,5.052860696517413,March,Thursday
604,Instagram,2025-11-11,Video,Food,1337,113,130,27177,17824,8,1580,8.864452423698383,November,Tuesday
605,Instagram,2025-05-30,Image,Technology,192,21,9,5765,4903,10,222,4.5278400978992455,May,Friday
606,Facebook,2025-02-17,Video,Food,547,18,47,21354,18151,9,612,3.3717150570216514,February,Monday
607,Instagram,2025-09-05,Image,Technology,2264,164,137,24929,20382,11,2565,12.584633500147188,September,Friday
608,Instagram,2025-10-05,Reel,Travel,1829,151,44,29820,17932,14,2024,11.287084541601606,October,Sunday
609,Facebook,2025-12-22,Image,Travel,2319,209,167,30523,24162,10,2695,11.153877990232598,December,Monday
610,Facebook,2025-04-08,Video,Travel,1579,199,88,72088,63492,3,1866,2.938952938952939,April,Tuesday
611,Instagram,2025-01-25,Text,Entertainment,5530,234,379,67163,52984,6,6143,11.594066133172278,January,Saturday
612,Twitter,2025-10-11,Reel,Travel,3337,417,300,78525,52302,8,4054,7.751137623800237,October,Saturday
613,Facebook,2025-10-28,Video,Fashion,581,63,28,14780,10718,13,672,6.269826460160479,October,Tuesday
614,Instagram,2025-03-09,Video,Fashion,439,40,39,7589,5889,7,518,8.796060451689591,March,Sunday
615,Twitter,2025-01-07,Video,Entertainment,760,84,58,35812,26096,7,902,3.456468424279583,January,Tuesday
616,Twitter,2025-11-01,Reel,Fitness,5360,394,289,94664,56039,8,6043,10.783561448277093,November,Saturday
617,Instagram,2025-05-17,Text,Food,2421,91,155,46939,30943,13,2667,8.619073780822802,May,Saturday
618,Instagram,2025-06-13,Reel,Technology,1686,179,66,52493,43613,4,1931,4.427578932886983,June,Friday
619,Twitter,2025-03-24,Reel,Technology,3118,275,307,94326,80318,13,3700,4.606688413556114,March,Monday
620,Facebook,2025-05-18,Reel,Entertainment,964,99,67,41953,25090,4,1130,4.503786369071343,May,Sunday
621,Instagram,2025-03-14,Video,Fashion,1516,96,21,66785,58993,2,1633,2.768125031783432,March,Friday
622,Instagram,2025-08-25,Image,Technology,1064,146,41,20309,13507,4,1251,9.261864218553342,August,Monday
623,Instagram,2025-02-15,Reel,Fashion,4489,432,296,55195,43151,15,5217,12.090102199253783,February,Saturday
624,Facebook,2025-04-16,Text,Fitness,475,14,7,26901,21874,7,496,2.267532230044802,April,Wednesday
625,Facebook,2025-10-15,Image,Food,510,40,6,24576,20500,11,556,2.7121951219512197,October,Wednesday
626,Instagram,2025-09-19,Reel,Fitness,2213,261,111,32508,28639,4,2585,9.026153147805442,September,Friday
627,Facebook,2025-06-25,Image,Entertainment,5090,627,203,75711,49933,3,5920,11.855886888430497,June,Wednesday
628,Facebook,2025-06-15,Video,Travel,1185,99,58,26464,22507,7,1342,5.9625894166259386,June,Sunday
629,Instagram,2025-05-25,Image,Travel,2007,273,67,61281,36529,6,2347,6.425032166224096,May,Sunday
630,Instagram,2025-11-26,Video,Travel,1095,60,27,17260,13752,14,1182,8.595113438045376,November,Wednesday
631,Facebook,2025-10-10,Reel,Fitness,1399,102,100,36440,29505,13,1601,5.4261989493306215,October,Friday
632,Twitter,2025-02-23,Video,Technology,1713,234,96,96082,75636,13,2043,2.701094716801523,February,Sunday
633,Facebook,2025-06-27,Reel,Food,3443,470,96,57683,36819,5,4009,10.888400010863956,June,Friday
634,Facebook,2025-09-01,Reel,Travel,2997,327,116,42430,36301,4,3440,9.476322966309468,September,Monday
635,Instagram,2025-12-07,Text,Entertainment,142,18,8,2987,1819,13,168,9.235843870258384,December,Sunday
636,Instagram,2025-05-07,Image,Entertainment,1398,44,23,26105,14847,4,1465,9.867313261938438,May,Wednesday
637,Facebook,2025-09-28,Video,Travel,5573,738,129,79484,63675,12,6440,10.11385944248135,September,Sunday
638,Instagram,2025-05-12,Image,Travel,407,25,6,14026,10048,9,438,4.359076433121019,May,Monday
639,Instagram,2025-04-03,Text,Food,3244,140,269,69309,58717,1,3653,6.221366895447656,April,Thursday
640,Instagram,2025-03-14,Text,Travel,1047,53,81,46927,32106,12,1181,3.6784401669469884,March,Friday
641,Instagram,2025-09-05,Video,Food,1534,114,119,76414,46528,14,1767,3.7977132049518567,September,Friday
642,Instagram,2025-12-14,Reel,Entertainment,4322,227,321,58535,49330,3,4870,9.872288668153253,December,Sunday
643,Instagram,2025-09-30,Video,Travel,3452,212,242,43946,32613,7,3906,11.976819059884097,September,Tuesday
644,Instagram,2025-02-12,Reel,Fitness,4124,154,218,57561,35470,7,4496,12.675500422892586,February,Wednesday
645,Instagram,2025-02-10,Image,Fitness,755,44,51,11377,9125,10,850,9.315068493150685,February,Monday
646,Twitter,2025-06-19,Reel,Entertainment,1528,144,20,54592,39791,0,1692,4.252217838204619,June,Thursday
647,Facebook,2025-07-31,Image,Food,194,15,12,8347,6356,1,221,3.477029578351164,July,Thursday
648,Facebook,2025-06-17,Reel,Fitness,2505,163,200,34776,24736,4,2868,11.594437257438551,June,Tuesday
649,Twitter,2025-02-08,Reel,Food,312,36,17,4783,4017,8,365,9.08638287279064,February,Saturday
650,Facebook,2025-09-02,Reel,Fitness,3905,531,164,56798,47730,9,4600,9.63754452126545,September,Tuesday
651,Instagram,2025-05-31,Image,Fitness,415,49,14,5298,4229,10,478,11.302908489004492,May,Saturday
652,Facebook,2025-04-21,Video,Food,3774,238,256,71204,41788,15,4268,10.213458409112663,April,Monday
653,Facebook,2025-02-16,Image,Technology,7610,888,550,87207,73567,11,9048,12.298992754903693,February,Sunday
654,Facebook,2025-03-04,Video,Fitness,1129,44,99,56161,44078,12,1272,2.8857933663051862,March,Tuesday
655,Instagram,2025-08-13,Image,Travel,4638,171,189,61652,48949,10,4998,10.210627387689227,August,Wednesday
656,Instagram,2025-03-10,Text,Entertainment,2524,163,200,35484,24024,15,2887,12.017149517149516,March,Monday
657,Instagram,2025-10-26,Reel,Technology,4153,519,251,99614,85443,6,4923,5.761735894104842,October,Sunday
658,Instagram,2025-10-17,Video,Food,1481,77,132,21922,17622,9,1690,9.590284871183748,October,Friday
659,Facebook,2025-10-23,Video,Technology,1061,29,61,35028,20645,4,1151,5.575199806248486,October,Thursday
660,Facebook,2025-07-22,Video,Fashion,1709,63,96,21316,14766,0,1868,12.650684003792495,July,Tuesday
661,Instagram,2025-03-02,Reel,Fashion,1566,206,97,77996,67094,14,1869,2.785644021820133,March,Sunday
662,Twitter,2025-11-14,Video,Fitness,793,81,61,17968,10179,15,935,9.185578151095394,November,Friday
663,Facebook,2025-11-10,Text,Fitness,1015,53,98,31266,27717,14,1166,4.206804488220226,November,Monday
664,Instagram,2025-06-10,Video,Travel,6951,640,115,96745,76206,5,7706,10.112064666824134,June,Tuesday
665,Instagram,2025-11-27,Text,Entertainment,724,64,10,25000,19274,11,798,4.140292622185327,November,Thursday
666,Instagram,2025-01-16,Text,Technology,421,44,39,15011,9677,7,504,5.208225689779891,January,Thursday
667,Instagram,2025-12-04,Image,Fashion,170,8,9,3866,2462,6,187,7.595450852965069,December,Thursday
668,Instagram,2025-04-04,Text,Fitness,676,89,44,6898,6068,1,809,13.332234673698087,April,Friday
669,Instagram,2025-10-31,Image,Entertainment,522,31,27,19395,12691,11,580,4.570167835473958,October,Friday
670,Instagram,2025-05-18,Reel,Technology,1131,124,20,40019,32872,4,1275,3.878680944268679,May,Sunday
671,Instagram,2025-12-04,Video,Fitness,330,7,26,5006,3442,13,363,10.546194073213249,December,Thursday
672,Twitter,2025-02-07,Text,Fitness,1484,101,114,35393,21191,15,1699,8.017554622245292,February,Friday
673,Instagram,2025-05-07,Text,Fashion,736,48,28,11956,6620,10,812,12.265861027190333,May,Wednesday
674,Facebook,2025-10-02,Reel,Fashion,1310,118,49,51042,37796,3,1477,3.9078209334321095,October,Thursday
675,Instagram,2025-06-13,Reel,Fitness,7330,215,626,97199,86655,8,8171,9.429346258150135,June,Friday
676,Twitter,2025-11-15,Video,Food,208,25,3,7078,4807,9,236,4.9095069690035364,November,Saturday
677,Instagram,2025-03-18,Image,Fitness,737,35,65,30631,20676,15,837,4.048171793383633,March,Tuesday
678,Instagram,2025-06-23,Video,Entertainment,5725,618,189,96676,64814,0,6532,10.078069552874378,June,Monday
679,Twitter,2025-12-24,Image,Fitness,3713,461,235,63901,46787,11,4409,9.423557825891809,December,Wednesday
680,Twitter,2025-11-17,Reel,Travel,4740,441,446,70497,49646,15,5627,11.334246464972002,November,Monday
681,Twitter,2025-04-01,Video,Travel,4187,487,297,95813,82204,5,4971,6.047150990219454,April,Tuesday
682,Instagram,2025-08-26,Text,Travel,2005,212,94,42574,30948,2,2311,7.467364611606565,August,Tuesday
683,Instagram,2025-09-21,Reel,Food,1428,94,102,32417,23590,10,1624,6.884272997032641,September,Sunday
684,Facebook,2025-06-28,Reel,Food,6307,789,258,89020,53272,8,7354,13.804625319116983,June,Saturday
685,Twitter,2025-07-28,Image,Fitness,3724,217,130,84639,75663,4,4071,5.380436937472741,July,Monday
686,Facebook,2025-03-14,Text,Travel,2082,196,207,66006,42078,12,2485,5.905698940063691,March,Friday
687,Facebook,2025-04-17,Text,Food,3060,357,237,95881,55196,5,3654,6.620044930792086,April,Thursday
688,Instagram,2025-12-11,Video,Fashion,2419,167,164,40454,31639,10,2750,8.691804418597302,December,Thursday
689,Twitter,2025-10-22,Reel,Fitness,88,5,3,2587,1961,8,96,4.8954614992350844,October,Wednesday
690,Instagram,2025-10-11,Reel,Entertainment,4320,344,62,55710,38735,8,4726,12.200851942687493,October,Saturday
691,Instagram,2025-12-19,Image,Technology,2845,359,36,87567,61101,15,3240,5.302695536897923,December,Friday
692,Instagram,2025-07-01,Video,Fitness,8382,1180,501,92748,76495,7,10063,13.155108177005035,July,Tuesday
693,Facebook,2025-02-06,Video,Technology,1443,131,113,76886,47553,8,1687,3.547620549702437,February,Thursday
694,Instagram,2025-05-17,Image,Travel,1420,150,82,19816,16587,15,1652,9.959606921082775,May,Saturday
695,Instagram,2025-12-04,Video,Technology,7468,1026,639,86824,67467,3,9133,13.53698845361436,December,Thursday
696,Facebook,2025-02-25,Image,Travel,781,25,10,30432,21200,15,816,3.8490566037735845,February,Tuesday
697,Instagram,2025-07-06,Image,Fashion,4117,206,177,49617,35243,5,4500,12.768493034077688,July,Sunday
698,Facebook,2025-12-07,Image,Technology,3064,343,96,73373,46945,4,3503,7.461923527532218,December,Sunday
699,Instagram,2025-09-15,Text,Fitness,3281,416,164,35217,28639,4,3861,13.481615978211531,September,Monday
700,Facebook,2025-02-27,Video,Travel,1399,183,23,21884,15964,3,1605,10.053871210223003,February,Thursday
701,Facebook,2025-12-29,Text,Fitness,214,15,20,6454,4274,1,249,5.825924192793636,December,Monday
702,Instagram,2025-05-03,Video,Food,2237,70,67,75960,57624,11,2374,4.119811189782036,May,Saturday
703,Instagram,2025-07-07,Video,Travel,2019,155,187,44618,40089,5,2361,5.889396093691536,July,Monday
704,Instagram,2025-08-18,Video,Technology,1748,87,84,84948,59662,8,1919,3.216452683450102,August,Monday
705,Instagram,2025-06-17,Video,Travel,1909,110,188,63671,55536,11,2207,3.9739988475943533,June,Tuesday
706,Twitter,2025-04-24,Image,Fitness,983,118,58,48111,32270,0,1159,3.5915711186860864,April,Thursday
707,Instagram,2025-09-09,Reel,Fashion,1439,42,134,40613,23115,13,1615,6.986805104910232,September,Tuesday
708,Twitter,2025-04-17,Image,Travel,5363,684,56,86678,53869,6,6103,11.329335981733465,April,Thursday
709,Instagram,2025-02-06,Reel,Technology,1450,109,112,60993,42484,5,1671,3.9332454571132667,February,Thursday
710,Facebook,2025-12-01,Reel,Food,203,19,18,9848,6173,2,240,3.8878989146282197,December,Monday
711,Twitter,2025-04-02,Image,Entertainment,3696,116,83,79672,43825,0,3895,8.887621220764403,April,Wednesday
712,Facebook,2025-01-18,Image,Fashion,2320,148,43,67125,58415,12,2511,4.298553453736198,January,Saturday
713,Facebook,2025-12-20,Reel,Food,2199,69,106,87444,73921,3,2374,3.2115366404675263,December,Saturday
714,Instagram,2025-03-04,Video,Travel,1859,269,174,62602,50695,14,2302,4.540881743761712,March,Tuesday
715,Instagram,2025-05-30,Image,Fitness,4996,624,293,73045,44465,13,5913,13.298099628921623,May,Friday
716,Twitter,2025-05-19,Text,Fitness,2614,208,150,43222,25592,8,2972,11.613004063769928,May,Monday
717,Twitter,2025-07-05,Image,Technology,1596,78,36,50223,28811,14,1710,5.9352330707021625,July,Saturday
718,Twitter,2025-07-04,Reel,Fitness,4560,644,45,66333,53292,1,5249,9.849508368985964,July,Friday
719,Instagram,2025-07-24,Text,Fashion,3466,224,287,53732,47019,2,3977,8.45828282183798,July,Thursday
720,Facebook,2025-09-17,Image,Fitness,3098,126,55,50420,35328,1,3279,9.281589673913043,September,Wednesday
721,Twitter,2025-08-02,Image,Technology,3995,372,267,76504,45267,13,4634,10.23703801886584,August,Saturday
722,Instagram,2025-09-13,Image,Entertainment,209,29,19,3462,2524,1,257,10.182250396196514,September,Saturday
723,Instagram,2025-05-15,Video,Travel,327,6,9,10460,7030,9,342,4.864864864864865,May,Thursday
724,Facebook,2025-03-02,Image,Travel,167,8,11,10275,6999,10,186,2.6575225032147447,March,Sunday
725,Facebook,2025-12-29,Reel,Fitness,4790,680,81,95213,73072,10,5551,7.596617035252902,December,Monday
726,Twitter,2025-11-06,Image,Food,1247,52,80,14269,11437,7,1379,12.05735769869721,November,Thursday
727,Instagram,2025-03-29,Video,Travel,3032,105,75,66942,39409,2,3212,8.150422492324088,March,Saturday
728,Twitter,2025-11-20,Text,Entertainment,4292,403,327,73920,41576,6,5022,12.079084086973253,November,Thursday
729,Instagram,2025-07-26,Reel,Fitness,2520,332,93,23553,21150,7,2945,13.92434988179669,July,Saturday
730,Instagram,2025-05-09,Reel,Technology,582,47,30,25366,16017,2,659,4.1143784728725725,May,Friday
731,Instagram,2025-11-07,Video,Entertainment,2284,340,146,45036,25618,1,2770,10.812709813412443,November,Friday
732,Twitter,2025-01-03,Reel,Fitness,989,107,25,18369,11323,12,1121,9.900203126379935,January,Friday
733,Facebook,2025-08-30,Video,Entertainment,850,25,65,12795,7211,12,940,13.035639994452918,August,Saturday
734,Facebook,2025-05-01,Video,Travel,5785,862,215,71021,48800,7,6862,14.061475409836067,May,Thursday
735,Instagram,2025-04-12,Image,Technology,5094,371,354,69154,57455,2,5819,10.127926203115482,April,Saturday
736,Twitter,2025-02-07,Text,Fitness,924,53,22,31143,20848,6,999,4.791826554105909,February,Friday
737,Instagram,2025-12-07,Video,Fashion,2143,198,154,30425,21463,11,2495,11.624656385407445,December,Sunday
738,Twitter,2025-05-13,Image,Technology,2154,128,46,89209,70158,0,2328,3.318224578807834,May,Tuesday
739,Instagram,2025-07-21,Video,Fashion,5436,169,262,76139,55437,13,5867,10.583184515756624,July,Monday
740,Instagram,2025-12-14,Video,Entertainment,601,12,19,6368,5422,14,632,11.656215418664699,December,Sunday
741,Facebook,2025-01-21,Reel,Food,279,21,21,5621,4795,11,321,6.694473409801876,January,Tuesday
742,Instagram,2025-08-30,Reel,Technology,2750,354,92,59829,33113,5,3196,9.65179838734032,August,Saturday
743,Facebook,2025-04-19,Reel,Entertainment,3176,299,283,61294,50403,11,3758,7.455905402456203,April,Saturday
744,Facebook,2025-10-30,Image,Fashion,713,106,64,15719,11180,11,883,7.8980322003577825,October,Thursday
745,Instagram,2025-03-25,Video,Travel,1382,79,38,30227,27086,15,1499,5.534224322528243,March,Tuesday
746,Twitter,2025-03-24,Video,Travel,592,33,38,8566,6160,12,663,10.762987012987013,March,Monday
747,Instagram,2025-10-18,Image,Food,1353,55,24,13306,11914,8,1432,12.019472889038106,October,Saturday
748,Facebook,2025-03-10,Image,Technology,5091,210,230,54822,44630,11,5531,12.393009186645754,March,Monday
749,Twitter,2025-05-09,Reel,Technology,597,34,44,25042,15952,2,675,4.231444332998997,May,Friday
750,Facebook,2025-07-15,Image,Technology,1276,157,88,16086,11878,13,1521,12.805186058258966,July,Tuesday
751,Instagram,2025-05-20,Video,Entertainment,1546,212,102,18387,16497,6,1860,11.274777232224041,May,Tuesday
752,Twitter,2025-10-10,Image,Food,1079,158,38,28042,23839,12,1275,5.348378707160535,October,Friday
753,Facebook,2025-11-08,Image,Technology,1411,70,62,90424,52814,5,1543,2.9215738251221266,November,Saturday
754,Instagram,2025-08-22,Image,Entertainment,1963,264,37,52618,41948,7,2264,5.397158386573853,August,Friday
755,Instagram,2025-01-23,Text,Travel,6943,435,518,93050,62432,2,7896,12.647360328036905,January,Thursday
756,Twitter,2025-06-02,Reel,Fashion,889,30,49,19323,10674,2,968,9.068765223908564,June,Monday
757,Facebook,2025-10-04,Text,Entertainment,1210,161,89,19019,13146,3,1460,11.106039860033471,October,Saturday
758,Facebook,2025-03-02,Video,Travel,2208,226,71,76426,48313,2,2505,5.184939871256184,March,Sunday
759,Twitter,2025-11-15,Image,Travel,3219,133,126,41863,35022,8,3478,9.930900576780308,November,Saturday
760,Twitter,2025-02-21,Video,Fashion,171,12,6,11283,7537,15,189,2.507629030118084,February,Friday
761,Instagram,2025-12-10,Video,Travel,931,53,11,19279,16187,10,995,6.146908012602706,December,Wednesday
762,Instagram,2025-06-02,Reel,Food,2183,252,88,47999,26409,3,2523,9.553561285925252,June,Monday
763,Instagram,2025-08-25,Image,Fashion,1451,114,119,63780,41950,5,1684,4.014302741358761,August,Monday
764,Facebook,2025-11-07,Video,Travel,1551,230,140,23908,15167,7,1921,12.665655699874728,November,Friday
765,Instagram,2025-10-29,Image,Fitness,1719,46,97,62584,39537,10,1862,4.709512608442725,October,Wednesday
766,Facebook,2025-02-01,Video,Entertainment,2505,165,127,51225,29396,12,2797,9.514899986392706,February,Saturday
767,Twitter,2025-02-24,Reel,Travel,1450,119,18,38952,23974,7,1587,6.619671310586468,February,Monday
768,Twitter,2025-12-18,Video,Food,2291,195,204,38663,28782,15,2690,9.346119102216663,December,Thursday
769,Instagram,2025-02-05,Video,Technology,1250,76,13,62381,40670,14,1339,3.292353085812638,February,Wednesday
770,Twitter,2025-04-20,Video,Travel,738,84,70,48929,34058,4,892,2.6190616007986374,April,Sunday
771,Instagram,2025-06-26,Video,Technology,782,104,42,10343,7052,4,928,13.159387407827566,June,Thursday
772,Twitter,2025-12-28,Reel,Fitness,3104,440,126,77173,66103,5,3670,5.551941666792732,December,Sunday
773,Instagram,2025-11-10,Text,Travel,3605,449,335,40791,35359,9,4389,12.412681354110692,November,Monday
774,Instagram,2025-10-22,Text,Fashion,2611,340,31,30134,21772,6,2982,13.696490905750505,October,Wednesday
775,Twitter,2025-12-02,Reel,Technology,1317,120,82,48101,32013,12,1519,4.744947365132915,December,Tuesday
776,Instagram,2025-04-07,Video,Fitness,1924,245,114,70443,41376,12,2283,5.517691415313225,April,Monday
777,Instagram,2025-08-01,Reel,Fashion,4462,265,132,58530,51722,9,4859,9.39445497080546,August,Friday
778,Facebook,2025-11-13,Video,Fashion,3181,228,154,47799,27297,13,3563,13.052716415723339,November,Thursday
779,Facebook,2025-05-17,Image,Fashion,425,26,29,5827,3811,6,480,12.595119391235896,May,Saturday
780,Facebook,2025-01-06,Reel,Fashion,4467,360,336,97143,63562,12,5163,8.122777760297033,January,Monday
781,Facebook,2025-04-19,Image,Travel,4194,239,42,63653,42147,3,4475,10.617600303698959,April,Saturday
782,Facebook,2025-02-04,Text,Entertainment,299,43,28,14699,8929,5,370,4.143801097547318,February,Tuesday
783,Instagram,2025-02-08,Video,Travel,8967,544,222,92419,76163,6,9733,12.779170988537741,February,Saturday
784,Instagram,2025-05-30,Reel,Travel,435,14,13,6313,3742,4,462,12.346338856226618,May,Friday
785,Instagram,2025-04-28,Reel,Fitness,409,36,13,14598,11272,4,458,4.0631653655074516,April,Monday
786,Twitter,2025-09-18,Text,Fitness,883,24,11,29807,17685,1,918,5.190839694656488,September,Thursday
787,Facebook,2025-03-28,Reel,Entertainment,1231,42,25,71423,41045,6,1298,3.1623827506395417,March,Friday
788,Instagram,2025-03-17,Reel,Fitness,2883,139,284,70390,61119,11,3306,5.409119913611152,March,Monday
789,Facebook,2025-11-09,Image,Food,2895,232,111,46226,28500,5,3238,11.361403508771929,November,Sunday
790,Twitter,2025-08-02,Video,Entertainment,2932,223,59,60550,50706,10,3214,6.338500374709108,August,Saturday
791,Instagram,2025-10-12,Image,Fitness,1731,214,33,81072,60043,0,1978,3.2943057475475905,October,Sunday
792,Facebook,2025-08-27,Reel,Entertainment,142,16,10,4558,2631,3,168,6.385404789053592,August,Wednesday
793,Facebook,2025-06-14,Video,Travel,7972,601,692,76308,67487,2,9265,13.72856994680457,June,Saturday
794,Facebook,2025-03-28,Reel,Travel,2698,171,89,51113,32530,11,2958,9.093144789425146,March,Friday
795,Instagram,2025-05-21,Image,Entertainment,2831,173,33,53999,45946,14,3037,6.6099334000783525,May,Wednesday
796,Twitter,2025-06-09,Image,Food,1269,153,38,56878,34643,2,1460,4.214415610657276,June,Monday
797,Twitter,2025-02-15,Reel,Food,3760,100,56,37343,31699,6,3916,12.353702009527115,February,Saturday
798,Facebook,2025-04-22,Image,Entertainment,3352,72,64,59219,32844,10,3488,10.61990013396663,April,Tuesday
799,Facebook,2025-02-14,Image,Fitness,1270,156,62,36186,26384,11,1488,5.639781685870225,February,Friday
800,Twitter,2025-09-04,Image,Technology,840,68,25,37966,31105,9,933,2.999517762417618,September,Thursday
801,Facebook,2025-04-14,Text,Food,782,28,44,34769,30498,3,854,2.800183618597941,April,Monday
802,Instagram,2025-03-26,Reel,Fashion,1508,76,49,54218,47073,14,1633,3.469079939668175,March,Wednesday
803,Facebook,2025-05-14,Video,Travel,1321,186,125,20229,16929,11,1632,9.64026227184122,May,Wednesday
804,Facebook,2025-04-18,Image,Entertainment,7405,975,677,76209,65605,7,9057,13.805350201966313,April,Friday
805,Instagram,2025-01-18,Video,Fashion,1246,139,76,28877,17895,15,1461,8.164291701592624,January,Saturday
806,Facebook,2025-04-04,Reel,Entertainment,3996,330,167,59001,38319,10,4493,11.72525379054777,April,Friday
807,Twitter,2025-05-30,Reel,Travel,4127,361,182,98137,63900,15,4670,7.308294209702661,May,Friday
808,Twitter,2025-09-03,Image,Travel,2421,355,113,39084,26654,8,2889,10.83889847677647,September,Wednesday
809,Facebook,2025-10-16,Image,Food,5304,771,400,82780,56924,2,6475,11.374815543531728,October,Thursday
810,Instagram,2025-07-28,Image,Food,2600,124,131,93892,69535,15,2855,4.105845976846193,July,Monday
811,Twitter,2025-05-06,Reel,Fashion,605,75,52,17806,10789,4,732,6.784688108258412,May,Tuesday
812,Twitter,2025-08-23,Reel,Entertainment,5943,271,564,89635,70985,3,6778,9.54849616116081,August,Saturday
813,Instagram,2025-05-02,Image,Travel,626,29,25,38034,23149,13,680,2.937491900298069,May,Friday
814,Twitter,2025-05-18,Image,Fashion,1528,164,92,41317,27211,11,1784,6.556172136268421,May,Sunday
815,Twitter,2025-04-25,Image,Technology,3013,218,55,56468,41005,15,3286,8.013656871113279,April,Friday
816,Facebook,2025-06-11,Text,Fashion,1991,280,55,20094,16652,9,2326,13.968292097045401,June,Wednesday
817,Facebook,2025-07-20,Image,Fitness,3207,101,151,58796,47555,14,3459,7.273683103774577,July,Sunday
818,Instagram,2025-08-22,Reel,Fashion,913,78,26,11589,8992,5,1017,11.310053380782918,August,Friday
819,Instagram,2025-01-28,Reel,Fitness,2224,310,197,58221,35195,10,2731,7.759624946725387,January,Tuesday
820,Instagram,2025-01-11,Video,Fitness,196,26,4,2657,1970,9,226,11.472081218274113,January,Saturday
821,Twitter,2025-07-25,Image,Fitness,4585,184,233,99300,57654,3,5002,8.675894127033684,July,Friday
822,Instagram,2025-06-16,Image,Technology,3003,203,193,40531,27645,7,3399,12.29517091698318,June,Monday
823,Instagram,2025-09-04,Reel,Fashion,2259,226,163,53227,36978,2,2648,7.161014657363839,September,Thursday
824,Instagram,2025-02-16,Reel,Fashion,188,7,8,4164,2348,10,203,8.645655877342419,February,Sunday
825,Facebook,2025-09-03,Reel,Technology,5043,735,444,94078,60764,4,6222,10.23961556184583,September,Wednesday
826,Twitter,2025-05-07,Video,Travel,4640,644,283,84973,75156,12,5567,7.407259566767789,May,Wednesday
827,Instagram,2025-05-27,Image,Food,1285,53,63,42247,37336,15,1401,3.7524105421041356,May,Tuesday
828,Instagram,2025-04-28,Text,Fashion,407,14,6,20601,13870,15,427,3.0785868781542898,April,Monday
829,Facebook,2025-06-01,Reel,Food,1162,36,60,94966,53663,0,1258,2.3442595456832453,June,Sunday
830,Facebook,2025-03-13,Image,Entertainment,3393,469,284,51599,31613,12,4146,13.11485781165976,March,Thursday
831,Instagram,2025-12-29,Text,Entertainment,2176,98,142,72545,49858,14,2416,4.845761963977697,December,Monday
832,Facebook,2025-05-17,Reel,Technology,201,14,17,5552,4895,5,232,4.739530132788559,May,Saturday
833,Instagram,2025-06-24,Reel,Entertainment,584,45,31,10417,6244,10,660,10.57014734144779,June,Tuesday
834,Instagram,2025-10-16,Reel,Entertainment,2531,247,52,59579,48689,4,2830,5.812401158372528,October,Thursday
835,Facebook,2025-01-19,Reel,Travel,2873,84,32,69207,40696,7,2989,7.344702182032632,January,Sunday
836,Instagram,2025-07-14,Reel,Travel,2366,117,88,73055,65270,8,2571,3.939022521832389,July,Monday
837,Twitter,2025-11-26,Image,Travel,6284,886,457,79270,54186,7,7627,14.075591481194405,November,Wednesday
838,Instagram,2025-06-24,Video,Entertainment,407,56,33,4722,3878,15,496,12.790097988653946,June,Tuesday
839,Facebook,2025-12-20,Text,Technology,5091,618,186,71442,47859,7,5895,12.31743245784492,December,Saturday
840,Facebook,2025-05-21,Image,Fitness,4512,101,246,96632,74376,11,4859,6.533021404754222,May,Wednesday
841,Instagram,2025-09-03,Video,Fitness,2437,152,116,41031,25324,13,2705,10.681566893065867,September,Wednesday
842,Facebook,2025-04-03,Video,Food,1658,168,77,80235,48229,12,1903,3.945758775840262,April,Thursday
843,Instagram,2025-08-27,Video,Fitness,411,22,12,22438,19707,2,445,2.258080884964733,August,Wednesday
844,Twitter,2025-07-24,Reel,Fitness,1146,158,25,59819,52112,3,1329,2.5502763279091187,July,Thursday
845,Instagram,2025-02-17,Text,Travel,3036,310,84,44856,38603,15,3430,8.88531979379841,February,Monday
846,Instagram,2025-09-02,Image,Travel,1742,51,26,34576,26585,14,1819,6.8422042505172085,September,Tuesday
847,Instagram,2025-11-16,Image,Entertainment,2567,354,71,42938,35762,10,2992,8.366422459593982,November,Sunday
848,Twitter,2025-11-13,Image,Food,595,85,6,50028,28724,3,686,2.388246762289375,November,Thursday
849,Facebook,2025-10-22,Text,Fashion,2526,76,167,60807,40568,14,2769,6.825576809307829,October,Wednesday
850,Facebook,2025-05-08,Reel,Food,3081,274,118,50877,33568,14,3473,10.346163012392754,May,Thursday
851,Instagram,2025-12-10,Image,Food,4904,291,478,98783,76307,13,5673,7.434442449578675,December,Wednesday
852,Facebook,2025-10-09,Reel,Technology,2795,198,76,44461,29992,10,3069,10.23272872766071,October,Thursday
853,Instagram,2025-01-17,Text,Entertainment,2462,106,101,94474,56871,4,2669,4.693077315327671,January,Friday
854,Twitter,2025-03-12,Reel,Technology,3187,303,134,41469,31465,12,3624,11.517559192753854,March,Wednesday
855,Instagram,2025-09-26,Text,Food,5539,800,59,84136,70256,8,6398,9.106695513550445,September,Friday
856,Instagram,2025-11-21,Image,Food,602,51,51,21435,14656,11,704,4.8034934497816595,November,Friday
857,Instagram,2025-10-09,Reel,Food,2216,68,28,85117,50754,8,2312,4.555305985735114,October,Thursday
858,Facebook,2025-11-01,Video,Fitness,778,78,73,15191,9400,9,929,9.882978723404255,November,Saturday
859,Facebook,2025-01-07,Reel,Technology,5589,358,504,85726,54274,12,6451,11.88598592327818,January,Tuesday
860,Instagram,2025-11-10,Reel,Food,1144,150,66,28386,18591,11,1360,7.315367651013932,November,Monday
861,Twitter,2025-11-01,Reel,Travel,1162,88,68,32721,25358,13,1318,5.197570786339617,November,Saturday
862,Facebook,2025-04-13,Reel,Entertainment,4525,203,311,55786,42415,0,5039,11.880231050335965,April,Sunday
863,Facebook,2025-11-05,Image,Entertainment,1014,45,45,14704,11669,13,1104,9.460964949867169,November,Wednesday
864,Instagram,2025-07-12,Video,Travel,2528,303,172,57635,39011,13,3003,7.69782881751301,July,Saturday
865,Instagram,2025-08-29,Text,Entertainment,180,9,2,3123,2618,7,191,7.295645530939648,August,Friday
866,Facebook,2025-03-03,Text,Fitness,2303,275,34,91710,56991,15,2612,4.583179800319349,March,Monday
867,Instagram,2025-01-17,Image,Fitness,3778,176,193,63993,45701,13,4147,9.074199689284699,January,Friday
868,Instagram,2025-06-20,Image,Fashion,3763,232,223,81122,67357,0,4218,6.26215538102944,June,Friday
869,Twitter,2025-01-25,Image,Fashion,7220,581,649,98512,60393,15,8450,13.991687778384913,January,Saturday
870,Twitter,2025-09-08,Reel,Fashion,1057,150,20,26416,15544,1,1227,7.8937210499228,September,Monday
871,Instagram,2025-09-10,Reel,Entertainment,165,23,13,2814,2418,6,201,8.312655086848634,September,Wednesday
872,Instagram,2025-07-26,Image,Fitness,4081,191,117,79537,53291,14,4389,8.235912255352686,July,Saturday
873,Facebook,2025-01-29,Video,Fitness,4518,300,205,51258,40460,7,5023,12.4147305981216,January,Wednesday
874,Instagram,2025-04-27,Reel,Fitness,979,38,37,17508,9784,0,1054,10.772690106295993,April,Sunday
875,Instagram,2025-10-09,Reel,Travel,4440,383,204,86166,68201,14,5027,7.370859664814298,October,Thursday
876,Instagram,2025-05-24,Video,Fitness,4850,387,114,79916,52795,2,5351,10.135429491429113,May,Saturday
877,Facebook,2025-01-25,Reel,Travel,1643,225,90,36699,20900,6,1958,9.368421052631579,January,Saturday
878,Facebook,2025-11-06,Video,Fashion,2502,352,205,47335,36137,12,3059,8.465008163378256,November,Thursday
879,Instagram,2025-06-05,Image,Fashion,1189,83,59,47806,30322,8,1331,4.389552140360134,June,Thursday
880,Instagram,2025-03-14,Reel,Entertainment,3588,301,194,78853,54044,7,4083,7.55495522167123,March,Friday
881,Instagram,2025-04-30,Reel,Fashion,1669,227,144,64768,37449,7,2040,5.447408475526716,April,Wednesday
882,Facebook,2025-11-08,Text,Entertainment,2463,307,181,36739,22098,14,2951,13.35414969680514,November,Saturday
883,Instagram,2025-11-17,Reel,Food,1253,25,67,35785,23413,8,1345,5.744671763550165,November,Monday
884,Instagram,2025-04-03,Reel,Food,2209,136,73,32980,19175,9,2418,12.610169491525426,April,Thursday
885,Twitter,2025-03-27,Image,Technology,5753,430,515,90335,78482,2,6698,8.534441018322672,March,Thursday
886,Instagram,2025-12-02,Video,Entertainment,4393,219,272,95702,52838,7,4884,9.243347590749082,December,Tuesday
887,Facebook,2025-12-30,Image,Technology,4596,211,137,86016,61875,0,4944,7.990303030303031,December,Tuesday
888,Instagram,2025-04-28,Image,Technology,50,1,1,2609,1547,15,52,3.361344537815126,April,Monday
889,Instagram,2025-08-21,Reel,Food,2546,263,209,67253,44231,7,3018,6.823268748163053,August,Thursday
890,Instagram,2025-07-18,Text,Entertainment,2261,122,31,86481,75594,12,2414,3.193375135592772,July,Friday
891,Facebook,2025-07-25,Image,Food,4598,123,456,92128,55884,6,5177,9.263832223892349,July,Friday
892,Twitter,2025-12-05,Video,Technology,1673,83,36,29141,25878,12,1792,6.924800989257285,December,Friday
893,Twitter,2025-05-27,Reel,Entertainment,1886,234,153,31009,19288,14,2273,11.784529240978847,May,Tuesday
894,Instagram,2025-09-28,Image,Technology,264,34,12,7782,6299,7,310,4.9214160977933,September,Sunday
895,Facebook,2025-05-19,Reel,Fitness,2515,208,136,93072,68997,0,2859,4.143658419931302,May,Monday
896,Instagram,2025-06-30,Reel,Entertainment,1403,103,125,26933,23150,5,1631,7.045356371490281,June,Monday
897,Instagram,2025-01-30,Reel,Entertainment,6549,963,308,78154,58138,6,7820,13.45075509993464,January,Thursday
898,Twitter,2025-02-26,Image,Technology,624,28,36,9307,6860,13,688,10.029154518950437,February,Wednesday
899,Instagram,2025-08-20,Video,Fitness,3567,171,51,93207,57640,10,3789,6.573560027758502,August,Wednesday
900,Instagram,2025-05-26,Reel,Travel,3353,194,34,76874,46753,4,3581,7.659401535730328,May,Monday
901,Instagram,2025-02-17,Reel,Food,973,41,31,39346,34261,13,1045,3.050115291439246,February,Monday
902,Instagram,2025-07-13,Image,Technology,4076,282,290,51772,34415,4,4648,13.505738776696209,July,Sunday
903,Instagram,2025-08-12,Reel,Entertainment,4307,596,90,73084,49713,6,4993,10.043650554181,August,Tuesday
904,Facebook,2025-05-16,Image,Food,1629,162,32,41149,33575,14,1823,5.429635145197319,May,Friday
905,Instagram,2025-01-22,Reel,Food,4607,338,216,87700,58635,10,5161,8.80191012194082,January,Wednesday
906,Twitter,2025-01-06,Image,Food,779,110,53,28526,25194,14,942,3.7389854727316028,January,Monday
907,Twitter,2025-07-23,Text,Travel,9211,242,682,97758,79015,15,10135,12.826678478769853,July,Wednesday
908,Instagram,2025-08-27,Video,Fashion,2466,116,64,86712,65823,2,2646,4.019871473497106,August,Wednesday
909,Instagram,2025-07-04,Video,Technology,5057,473,86,69477,59633,5,5616,9.417604346586621,July,Friday
910,Instagram,2025-12-26,Image,Fashion,169,16,15,6695,3798,6,200,5.26592943654555,December,Friday
911,Facebook,2025-10-19,Video,Fashion,2358,59,78,40169,25707,0,2495,9.705527677286343,October,Sunday
912,Instagram,2025-12-01,Text,Fashion,3407,246,295,48947,34887,11,3948,11.316536245592914,December,Monday
913,Facebook,2025-08-08,Text,Food,2651,276,232,48224,30354,1,3159,10.407195097845424,August,Friday
914,Instagram,2025-04-26,Video,Fitness,3093,342,245,46865,37977,15,3680,9.69007557205677,April,Saturday
915,Facebook,2025-11-09,Video,Food,2528,260,63,26553,23146,11,2851,12.317463060572022,November,Sunday
916,Instagram,2025-02-18,Reel,Food,1194,73,100,61410,42883,3,1367,3.18774339481846,February,Tuesday
917,Instagram,2025-06-22,Text,Entertainment,3267,105,258,91895,61546,12,3630,5.898027491632275,June,Sunday
918,Twitter,2025-03-23,Reel,Entertainment,1025,77,65,25816,22886,15,1167,5.099187276063969,March,Sunday
919,Twitter,2025-11-18,Video,Fashion,4697,172,189,56026,39537,7,5058,12.793079899840656,November,Tuesday
920,Instagram,2025-11-29,Video,Food,2197,314,73,51705,37287,10,2584,6.930029232708451,November,Saturday
921,Twitter,2025-02-14,Reel,Fashion,3949,322,82,62922,42351,12,4353,10.278387759438974,February,Friday
922,Facebook,2025-12-01,Image,Entertainment,5755,352,321,74914,65050,13,6428,9.88162951575711,December,Monday
923,Twitter,2025-01-20,Reel,Fitness,88,10,5,2881,2158,9,103,4.7729379054680265,January,Monday
924,Twitter,2025-08-09,Video,Technology,1454,123,61,40567,33133,5,1638,4.943711707361241,August,Saturday
925,Instagram,2025-05-03,Reel,Fashion,1941,117,102,48365,40342,0,2160,5.354221406970403,May,Saturday
926,Instagram,2025-08-22,Image,Fitness,3282,412,140,80211,53713,9,3834,7.137936812317316,August,Friday
927,Instagram,2025-08-09,Reel,Technology,2167,287,146,71122,49912,4,2600,5.209168135919217,August,Saturday
928,Facebook,2025-11-19,Video,Travel,483,51,44,26006,22026,6,578,2.6241714337601016,November,Wednesday
929,Facebook,2025-12-05,Reel,Fashion,3084,80,76,42198,28573,14,3240,11.339376334301614,December,Friday
930,Instagram,2025-01-03,Image,Fashion,2299,215,101,23831,19729,12,2615,13.254599827664858,January,Friday
931,Instagram,2025-07-01,Reel,Travel,831,99,18,17459,15352,5,948,6.175091193329859,July,Tuesday
932,Twitter,2025-07-25,Reel,Travel,1383,52,91,33443,25688,12,1526,5.9405169729056375,July,Friday
933,Twitter,2025-11-16,Reel,Fashion,726,36,54,43316,35067,12,816,2.326974078193173,November,Sunday
934,Facebook,2025-02-09,Reel,Travel,7111,958,667,97131,80792,11,8736,10.812951777403704,February,Sunday
935,Instagram,2025-02-28,Reel,Food,5679,128,199,65486,55385,8,6006,10.844091360476664,February,Friday
936,Instagram,2025-03-03,Reel,Technology,164,19,15,6877,4733,7,198,4.183393196703993,March,Monday
937,Instagram,2025-05-12,Image,Technology,828,67,12,40553,23031,14,907,3.938170292214841,May,Monday
938,Twitter,2025-03-01,Reel,Technology,404,31,25,5922,4090,3,460,11.246943765281173,March,Saturday
939,Instagram,2025-11-27,Video,Food,364,7,5,5686,4468,12,376,8.415398388540735,November,Thursday
940,Facebook,2025-05-02,Image,Travel,585,74,52,33766,23893,10,711,2.9757669610346125,May,Friday
941,Instagram,2025-04-17,Image,Fitness,5407,361,311,80943,65736,11,6079,9.247596446391627,April,Thursday
942,Facebook,2025-04-06,Video,Travel,1133,102,79,33006,22277,4,1314,5.898460295371908,April,Sunday
943,Facebook,2025-12-13,Reel,Fashion,1423,153,120,32422,25034,6,1696,6.774786290644723,December,Saturday
944,Twitter,2025-08-23,Reel,Entertainment,787,87,18,13205,8124,7,892,10.979812900049236,August,Saturday
945,Instagram,2025-03-03,Reel,Technology,7192,1037,96,87590,71147,4,8325,11.701125838053606,March,Monday
946,Instagram,2025-09-13,Video,Travel,1091,97,97,24527,18174,8,1285,7.070540332342907,September,Saturday
947,Instagram,2025-02-18,Video,Fitness,1385,99,53,19443,12082,13,1537,12.721403741102467,February,Tuesday
948,Twitter,2025-12-14,Image,Fashion,693,99,14,17524,11428,9,806,7.052852642632132,December,Sunday
949,Twitter,2025-06-08,Video,Food,2304,238,120,29202,23712,11,2662,11.22638326585695,June,Sunday
950,Facebook,2025-05-04,Video,Food,3271,192,208,66552,47844,3,3671,7.672853440347797,May,Sunday
951,Facebook,2025-11-13,Image,Fitness,3236,117,41,47142,29492,3,3394,11.508205615082057,November,Thursday
952,Facebook,2025-07-26,Image,Fashion,6170,799,214,62692,55704,12,7183,12.894944707740915,July,Saturday
953,Instagram,2025-02-17,Reel,Technology,1917,128,24,83384,66731,7,2069,3.100508009770571,February,Monday
954,Twitter,2025-05-16,Reel,Travel,2198,232,105,21855,19341,0,2535,13.10687141306034,May,Friday
955,Instagram,2025-07-20,Text,Fashion,6079,493,550,84747,59279,7,7122,12.014372712090285,July,Sunday
956,Instagram,2025-09-07,Text,Food,4357,199,428,61372,43959,4,4984,11.337837530426079,September,Sunday
957,Facebook,2025-11-10,Reel,Fitness,904,88,60,26095,22553,12,1052,4.664567906708641,November,Monday
958,Instagram,2025-12-23,Video,Fitness,2929,81,71,39724,29148,13,3081,10.57019349526554,December,Tuesday
959,Instagram,2025-11-14,Reel,Travel,4207,310,385,50241,40069,10,4902,12.233896528488357,November,Friday
960,Facebook,2025-10-22,Reel,Fitness,1654,150,93,53003,33829,0,1897,5.607614768393981,October,Wednesday
961,Instagram,2025-11-10,Image,Fitness,5646,432,134,69379,49006,3,6212,12.675998857282783,November,Monday
962,Facebook,2025-07-28,Video,Fashion,1420,166,131,95837,56851,1,1717,3.020175546604281,July,Monday
963,Instagram,2025-12-21,Reel,Technology,2024,258,158,92996,57852,3,2440,4.217658853626495,December,Sunday
964,Instagram,2025-07-30,Video,Travel,3996,480,303,98454,54182,7,4779,8.820272415193237,July,Wednesday
965,Instagram,2025-07-11,Reel,Fashion,4167,104,307,95283,53715,4,4578,8.522759005864284,July,Friday
966,Instagram,2025-02-13,Reel,Technology,1279,57,35,16972,15139,0,1371,9.056080322346258,February,Thursday
967,Facebook,2025-01-29,Image,Fashion,1306,117,37,94846,60210,6,1460,2.424846371034712,January,Wednesday
968,Instagram,2025-02-28,Video,Entertainment,2171,307,156,23927,18714,0,2634,14.075024046168643,February,Friday
969,Facebook,2025-03-12,Video,Fashion,1395,179,41,67630,57058,8,1615,2.830453223036209,March,Wednesday
970,Facebook,2025-04-02,Image,Fitness,1359,176,67,53347,39622,2,1602,4.043208318610873,April,Wednesday
971,Facebook,2025-09-22,Image,Technology,1160,68,93,89860,54239,11,1321,2.4355168789985067,September,Monday
972,Twitter,2025-08-08,Reel,Travel,5382,408,433,87210,70190,2,6223,8.865935318421428,August,Friday
973,Facebook,2025-08-03,Image,Travel,6068,492,308,70518,53599,14,6868,12.813671896863749,August,Sunday
974,Instagram,2025-10-04,Video,Technology,3230,130,262,46283,37301,14,3622,9.710195437119648,October,Saturday
975,Instagram,2025-03-05,Image,Fitness,6898,165,589,82326,67458,5,7652,11.343354383468233,March,Wednesday
976,Instagram,2025-12-12,Text,Food,251,35,17,13205,11770,15,303,2.5743415463041632,December,Friday
977,Facebook,2025-10-19,Image,Fashion,5062,259,154,90874,68223,9,5475,8.025152807704147,October,Sunday
978,Instagram,2025-09-02,Video,Fitness,607,31,21,13748,9205,5,659,7.159152634437806,September,Tuesday
979,Facebook,2025-03-03,Text,Entertainment,1199,36,45,22097,17168,12,1280,7.455731593662628,March,Monday
980,Facebook,2025-11-28,Reel,Technology,63,8,1,4092,2348,10,72,3.0664395229982966,November,Friday
981,Instagram,2025-06-19,Image,Fashion,4150,395,143,54311,46929,10,4688,9.989558695049968,June,Thursday
982,Twitter,2025-09-26,Reel,Travel,985,105,28,23692,14020,5,1118,7.974322396576319,September,Friday
983,Instagram,2025-09-24,Video,Food,1595,220,81,24862,16526,12,1896,11.472830691032312,September,Wednesday
984,Instagram,2025-02-23,Video,Entertainment,5233,339,480,91396,76362,0,6052,7.925407925407925,February,Sunday
985,Facebook,2025-01-16,Image,Travel,2135,215,41,80507,61109,4,2391,3.9126806198759594,January,Thursday
986,Facebook,2025-01-08,Image,Technology,4734,118,354,81152,55814,11,5206,9.327408893825922,January,Wednesday
987,Facebook,2025-04-14,Reel,Fashion,1904,84,136,71469,51150,5,2124,4.152492668621701,April,Monday
988,Instagram,2025-02-28,Video,Technology,539,69,10,5926,5031,7,618,12.283840190816935,February,Friday
989,Instagram,2025-11-09,Video,Fashion,5020,600,467,92299,61748,12,6087,9.857809159810845,November,Sunday
990,Twitter,2025-02-09,Reel,Fitness,151,9,9,4969,4245,0,169,3.9811542991755005,February,Sunday
991,Twitter,2025-08-25,Reel,Food,2479,171,105,36733,21336,4,2755,12.912448443944507,August,Monday
992,Facebook,2025-04-04,Image,Fitness,4183,373,326,70855,58234,2,4882,8.38341862142391,April,Friday
993,Instagram,2025-08-10,Reel,Fitness,987,19,32,42743,36188,1,1038,2.868354150547143,August,Sunday
994,Facebook,2025-07-23,Image,Technology,2073,106,150,40876,25082,10,2329,9.285543417590304,July,Wednesday
995,Instagram,2025-05-18,Reel,Food,677,31,9,21323,14939,7,717,4.7995180400294535,May,Sunday
996,Instagram,2025-10-27,Reel,Fashion,1063,55,90,17428,10594,6,1208,11.402680762695866,October,Monday
997,Twitter,2025-07-26,Text,Fashion,2887,360,145,35578,28366,9,3392,11.957977860819291,July,Saturday
998,Instagram,2025-12-02,Image,Entertainment,7605,428,511,87486,64509,6,8544,13.244663535320653,December,Tuesday
999,Twitter,2025-03-22,Image,Travel,3531,158,105,65140,50311,4,3794,7.541094392876309,March,Saturday
1000,Instagram,2025-08-06,Image,Entertainment,3437,294,243,84829,52489,11,3974,7.571110137362114,August,Wednesday
